-- 7th Grade Academy — consolidated data seed (schools + all student data).
-- Run this whole file in the Supabase SQL Editor AFTER schema.sql.
-- It is FK-safe (schools first) and idempotent for schools; student rows
-- use explicit ids. Run 005_seed_logins.sql separately for the logins.
-- Wrapped in a transaction: if anything fails, nothing changes.

BEGIN;

-- ===== 001_seed_schools.sql =====
-- 7th Grade Academy — seed data: schools (reference table)
-- ===========================================================================
-- schema.sql seeds these too, but that file can't be re-run once the tables
-- exist. This standalone, idempotent insert lets you (re)load the four schools
-- on their own. Run this FIRST — profiles (005) and students (010) both have
-- foreign keys to schools(id), so those seeds fail if this table is empty.
-- ===========================================================================

INSERT INTO schools (id, name, code) VALUES
  (1, 'Holy Trinity High School',    'HTHS'),
  (2, 'Newell High School',          'NHS'),
  (3, 'St. Mary''s College',         'SMC'),
  (4, 'Pembroke Hall High School',   'PHHS')
ON CONFLICT (id) DO UPDATE
  SET name = EXCLUDED.name, code = EXCLUDED.code;

-- Keep the SERIAL sequence ahead of the explicit ids we inserted.
SELECT setval('schools_id_seq', (SELECT MAX(id) FROM schools));

-- ===== 010_seed_students.sql =====
-- 7th Grade Academy — seed data: students
-- Auto-generated to mirror frontend/src/lib/mockData.ts. Safe to re-run after a
-- truncate. Run AFTER schema.sql (schools + students must exist first).

INSERT INTO students (id, first_name, last_name, school_id, teacher_id, grade, zlc_id) VALUES
  (1, 'Andre', 'Clarke', 1, NULL, 7, 'ZLC-HTHS-101'),
  (2, 'Shanice', 'Brown', 1, NULL, 7, 'ZLC-HTHS-102'),
  (3, 'Devon', 'Reid', 1, NULL, 7, 'ZLC-HTHS-103'),
  (4, 'Kadeen', 'Powell', 1, NULL, 7, 'ZLC-HTHS-104'),
  (5, 'Tamara', 'Grant', 1, NULL, 7, 'ZLC-HTHS-105'),
  (6, 'Rohan', 'Malcolm', 1, NULL, 7, 'ZLC-HTHS-106'),
  (7, 'Alicia', 'Stewart', 1, NULL, 7, 'ZLC-HTHS-107'),
  (8, 'Jerome', 'Campbell', 1, NULL, 7, 'ZLC-HTHS-108'),
  (9, 'Britney', 'Walsh', 1, NULL, 7, 'ZLC-HTHS-109'),
  (10, 'Marlon', 'Ellis', 1, NULL, 7, 'ZLC-HTHS-110'),
  (11, 'Chantal', 'Reid', 1, NULL, 7, 'ZLC-HTHS-111'),
  (12, 'Odane', 'Palmer', 1, NULL, 7, 'ZLC-HTHS-112'),
  (200, 'Keisha', 'Ferguson', 2, NULL, 7, 'ZLC-NHS-101'),
  (201, 'Dwayne', 'Palmer', 2, NULL, 7, 'ZLC-NHS-102'),
  (202, 'Latoya', 'Morgan', 2, NULL, 7, 'ZLC-NHS-103'),
  (203, 'Omar', 'Bryan', 2, NULL, 7, 'ZLC-NHS-104'),
  (204, 'Nadia', 'Rose', 2, NULL, 7, 'ZLC-NHS-105'),
  (205, 'Kemar', 'Gordon', 2, NULL, 7, 'ZLC-NHS-106'),
  (206, 'Simone', 'Blake', 2, NULL, 7, 'ZLC-NHS-107'),
  (207, 'Rohan', 'Dixon', 2, NULL, 7, 'ZLC-NHS-108'),
  (208, 'Aaliyah', 'Chin', 2, NULL, 7, 'ZLC-NHS-109'),
  (209, 'Tevin', 'Bailey', 2, NULL, 7, 'ZLC-NHS-110'),
  (300, 'Renae', 'Chin', 3, NULL, 7, 'ZLC-SMC-101'),
  (301, 'Damion', 'Bailey', 3, NULL, 7, 'ZLC-SMC-102'),
  (302, 'Shanté', 'Henry', 3, NULL, 7, 'ZLC-SMC-103'),
  (303, 'Jamal', 'Wright', 3, NULL, 7, 'ZLC-SMC-104'),
  (304, 'Keisha', 'Foster', 3, NULL, 7, 'ZLC-SMC-105'),
  (305, 'Dwayne', 'Watson', 3, NULL, 7, 'ZLC-SMC-106'),
  (306, 'Latoya', 'Ferguson', 3, NULL, 7, 'ZLC-SMC-107'),
  (307, 'Omar', 'Palmer', 3, NULL, 7, 'ZLC-SMC-108'),
  (308, 'Nadia', 'Morgan', 3, NULL, 7, 'ZLC-SMC-109'),
  (400, 'Keisha', 'Ferguson', 4, NULL, 7, 'ZLC-PHHS-101'),
  (401, 'Dwayne', 'Palmer', 4, NULL, 7, 'ZLC-PHHS-102'),
  (402, 'Latoya', 'Morgan', 4, NULL, 7, 'ZLC-PHHS-103'),
  (403, 'Omar', 'Bryan', 4, NULL, 7, 'ZLC-PHHS-104'),
  (404, 'Nadia', 'Rose', 4, NULL, 7, 'ZLC-PHHS-105'),
  (405, 'Kemar', 'Gordon', 4, NULL, 7, 'ZLC-PHHS-106'),
  (406, 'Simone', 'Blake', 4, NULL, 7, 'ZLC-PHHS-107'),
  (407, 'Rohan', 'Dixon', 4, NULL, 7, 'ZLC-PHHS-108'),
  (408, 'Aaliyah', 'Chin', 4, NULL, 7, 'ZLC-PHHS-109'),
  (409, 'Tevin', 'Bailey', 4, NULL, 7, 'ZLC-PHHS-110'),
  (410, 'Renae', 'Henry', 4, NULL, 7, 'ZLC-PHHS-111');

-- Keep the SERIAL sequence ahead of the explicit ids we inserted.
SELECT setval('students_id_seq', (SELECT MAX(id) FROM students));

-- ===== 020_seed_ffw_uploads.sql =====
-- 7th Grade Academy — seed data: ffw_uploads (Fast ForWord)
-- Auto-generated to mirror frontend/src/lib/mockData.ts. Safe to re-run after a
-- truncate. Run AFTER schema.sql (schools + students must exist first).

INSERT INTO ffw_uploads (student_id, upload_date, uploaded_by, protocol, completion_pct, points, sessions, last_login, level_gain) VALUES
  (1, '2026-07-14', NULL, 'Reading', 82, 984, 13, '2026-07-14', 2.05),
  (2, '2026-07-13', NULL, 'Language', 66, 792, 11, '2026-07-13', 1.65),
  (3, '2026-07-07', NULL, 'Literacy', 44, 528, 10, '2026-07-07', 1.10),
  (4, '2026-07-14', NULL, 'Reading', 76, 912, 14, '2026-07-14', 1.90),
  (5, '2026-07-12', NULL, 'Language', 69, 828, 14, '2026-07-12', 1.73),
  (6, '2026-07-04', NULL, 'Literacy', 41, 492, 14, '2026-07-04', 1.02),
  (7, '2026-07-15', NULL, 'Reading', 91, 1092, 8, '2026-07-15', 2.27),
  (8, '2026-07-13', NULL, 'Reading', 72, 864, 10, '2026-07-13', 1.80),
  (9, '2026-07-14', NULL, 'Language', 78, 936, 9, '2026-07-14', 1.95),
  (10, '2026-07-09', NULL, 'Literacy', 55, 660, 14, '2026-07-09', 1.38),
  (11, '2026-07-13', NULL, 'Reading', 74, 888, 12, '2026-07-13', 1.85),
  (12, '2026-07-06', NULL, 'Language', 47, 564, 13, '2026-07-06', 1.18),
  (200, '2026-07-11', NULL, 'Reading', 42, 504, 8, '2026-07-11', 1.05),
  (201, '2026-07-07', NULL, 'Language', 55, 660, 14, '2026-07-07', 1.38),
  (202, '2026-07-08', NULL, 'Literacy', 78, 936, 9, '2026-07-08', 1.95),
  (203, '2026-07-03', NULL, 'Reading', 77, 924, 8, '2026-07-03', 1.93),
  (204, '2026-07-04', NULL, 'Language', 72, 864, 10, '2026-07-04', 1.80),
  (205, '2026-07-08', NULL, 'Literacy', 66, 792, 11, '2026-07-08', 1.65),
  (206, '2026-07-03', NULL, 'Reading', 55, 660, 14, '2026-07-03', 1.38),
  (207, '2026-07-04', NULL, 'Language', 73, 876, 11, '2026-07-04', 1.82),
  (208, '2026-07-11', NULL, 'Literacy', 85, 1020, 9, '2026-07-11', 2.13),
  (209, '2026-07-12', NULL, 'Reading', 73, 876, 11, '2026-07-12', 1.82),
  (300, '2026-07-09', NULL, 'Reading', 42, 504, 8, '2026-07-09', 1.05),
  (301, '2026-07-03', NULL, 'Language', 72, 864, 10, '2026-07-03', 1.80),
  (302, '2026-07-07', NULL, 'Literacy', 53, 636, 12, '2026-07-07', 1.32),
  (303, '2026-07-06', NULL, 'Reading', 82, 984, 13, '2026-07-06', 2.05),
  (304, '2026-07-08', NULL, 'Language', 89, 1068, 13, '2026-07-08', 2.23),
  (305, '2026-07-07', NULL, 'Literacy', 43, 516, 9, '2026-07-07', 1.07),
  (306, '2026-07-09', NULL, 'Reading', 94, 1128, 11, '2026-07-09', 2.35),
  (307, '2026-07-03', NULL, 'Language', 75, 900, 13, '2026-07-03', 1.88),
  (308, '2026-07-04', NULL, 'Literacy', 65, 780, 10, '2026-07-04', 1.63),
  (400, '2026-07-03', NULL, 'Reading', 42, 504, 8, '2026-07-03', 1.05),
  (401, '2026-07-07', NULL, 'Language', 93, 1116, 10, '2026-07-07', 2.33),
  (402, '2026-07-10', NULL, 'Literacy', 47, 564, 13, '2026-07-10', 1.18),
  (403, '2026-07-09', NULL, 'Reading', 46, 552, 12, '2026-07-09', 1.15),
  (404, '2026-07-11', NULL, 'Language', 49, 588, 8, '2026-07-11', 1.23),
  (405, '2026-07-06', NULL, 'Literacy', 83, 996, 14, '2026-07-06', 2.08),
  (406, '2026-07-13', NULL, 'Reading', 91, 1092, 8, '2026-07-13', 2.27),
  (407, '2026-07-08', NULL, 'Language', 78, 936, 9, '2026-07-08', 1.95),
  (408, '2026-07-11', NULL, 'Literacy', 79, 948, 10, '2026-07-11', 1.98),
  (409, '2026-07-03', NULL, 'Reading', 53, 636, 12, '2026-07-03', 1.32),
  (410, '2026-07-11', NULL, 'Language', 63, 756, 8, '2026-07-11', 1.57);

-- ===== 030_seed_clearmath_uploads.sql =====
-- 7th Grade Academy — seed data: clearmath_uploads (Clear Math)
-- Auto-generated to mirror frontend/src/lib/mockData.ts. Safe to re-run after a
-- truncate. Run AFTER schema.sql (schools + students must exist first).

INSERT INTO clearmath_uploads (student_id, upload_date, uploaded_by, topic, score_pct, mastery_pct, completion_pct, last_activity) VALUES
  (1, '2026-06-10', NULL, 'Concept 1', 80, 78, 83, '2026-06-10'),
  (1, '2026-06-17', NULL, 'Concept 2', 83, 81, 86, '2026-06-17'),
  (1, '2026-06-24', NULL, 'Concept 3', 84, 82, 87, '2026-06-24'),
  (1, '2026-07-01', NULL, 'Concept 4', 87, 85, 90, '2026-07-01'),
  (1, '2026-07-08', NULL, 'Concept 5', 88, 86, 91, '2026-07-08'),
  (1, '2026-07-15', NULL, 'Concept 6', 91, 89, 94, '2026-07-13'),
  (2, '2026-06-10', NULL, 'Concept 1', 63, 61, 66, '2026-06-10'),
  (2, '2026-06-17', NULL, 'Concept 2', 66, 64, 69, '2026-06-17'),
  (2, '2026-06-24', NULL, 'Concept 3', 67, 65, 70, '2026-06-24'),
  (2, '2026-07-01', NULL, 'Concept 4', 70, 68, 73, '2026-07-01'),
  (2, '2026-07-08', NULL, 'Concept 5', 71, 69, 74, '2026-07-08'),
  (2, '2026-07-15', NULL, 'Concept 6', 74, 72, 77, '2026-07-12'),
  (3, '2026-06-10', NULL, 'Concept 1', 44, 42, 47, '2026-06-10'),
  (3, '2026-06-17', NULL, 'Concept 2', 47, 45, 50, '2026-06-17'),
  (3, '2026-06-24', NULL, 'Concept 3', 48, 46, 51, '2026-06-24'),
  (3, '2026-07-01', NULL, 'Concept 4', 51, 49, 54, '2026-07-01'),
  (3, '2026-07-08', NULL, 'Concept 5', 52, 50, 55, '2026-07-08'),
  (3, '2026-07-15', NULL, 'Concept 6', 55, 53, 58, '2026-07-06'),
  (4, '2026-06-10', NULL, 'Concept 1', 72, 70, 75, '2026-06-10'),
  (4, '2026-06-17', NULL, 'Concept 2', 75, 73, 78, '2026-06-17'),
  (4, '2026-06-24', NULL, 'Concept 3', 76, 74, 79, '2026-06-24'),
  (4, '2026-07-01', NULL, 'Concept 4', 79, 77, 82, '2026-07-01'),
  (4, '2026-07-08', NULL, 'Concept 5', 80, 78, 83, '2026-07-08'),
  (4, '2026-07-15', NULL, 'Concept 6', 83, 81, 86, '2026-07-14'),
  (5, '2026-06-10', NULL, 'Concept 1', 58, 56, 61, '2026-06-10'),
  (5, '2026-06-17', NULL, 'Concept 2', 61, 59, 64, '2026-06-17'),
  (5, '2026-06-24', NULL, 'Concept 3', 62, 60, 65, '2026-06-24'),
  (5, '2026-07-01', NULL, 'Concept 4', 65, 63, 68, '2026-07-01'),
  (5, '2026-07-08', NULL, 'Concept 5', 66, 64, 69, '2026-07-08'),
  (5, '2026-07-15', NULL, 'Concept 6', 69, 67, 72, '2026-07-11'),
  (6, '2026-06-10', NULL, 'Concept 1', 39, 37, 42, '2026-06-10'),
  (6, '2026-06-17', NULL, 'Concept 2', 42, 40, 45, '2026-06-17'),
  (6, '2026-06-24', NULL, 'Concept 3', 43, 41, 46, '2026-06-24'),
  (6, '2026-07-01', NULL, 'Concept 4', 46, 44, 49, '2026-07-01'),
  (6, '2026-07-08', NULL, 'Concept 5', 47, 45, 50, '2026-07-08'),
  (6, '2026-07-15', NULL, 'Concept 6', 50, 48, 53, '2026-07-03'),
  (7, '2026-06-10', NULL, 'Concept 1', 85, 83, 88, '2026-06-10'),
  (7, '2026-06-17', NULL, 'Concept 2', 88, 86, 91, '2026-06-17'),
  (7, '2026-06-24', NULL, 'Concept 3', 89, 87, 92, '2026-06-24'),
  (7, '2026-07-01', NULL, 'Concept 4', 92, 90, 95, '2026-07-01'),
  (7, '2026-07-08', NULL, 'Concept 5', 93, 91, 96, '2026-07-08'),
  (7, '2026-07-15', NULL, 'Concept 6', 96, 94, 99, '2026-07-14'),
  (8, '2026-06-10', NULL, 'Concept 1', 61, 59, 64, '2026-06-10'),
  (8, '2026-06-17', NULL, 'Concept 2', 64, 62, 67, '2026-06-17'),
  (8, '2026-06-24', NULL, 'Concept 3', 65, 63, 68, '2026-06-24'),
  (8, '2026-07-01', NULL, 'Concept 4', 68, 66, 71, '2026-07-01'),
  (8, '2026-07-08', NULL, 'Concept 5', 69, 67, 72, '2026-07-08'),
  (8, '2026-07-15', NULL, 'Concept 6', 72, 70, 75, '2026-07-12'),
  (9, '2026-06-10', NULL, 'Concept 1', 74, 72, 77, '2026-06-10'),
  (9, '2026-06-17', NULL, 'Concept 2', 77, 75, 80, '2026-06-17'),
  (9, '2026-06-24', NULL, 'Concept 3', 78, 76, 81, '2026-06-24'),
  (9, '2026-07-01', NULL, 'Concept 4', 81, 79, 84, '2026-07-01'),
  (9, '2026-07-08', NULL, 'Concept 5', 82, 80, 85, '2026-07-08'),
  (9, '2026-07-15', NULL, 'Concept 6', 85, 83, 88, '2026-07-13'),
  (10, '2026-06-10', NULL, 'Concept 1', 50, 48, 53, '2026-06-10'),
  (10, '2026-06-17', NULL, 'Concept 2', 53, 51, 56, '2026-06-17'),
  (10, '2026-06-24', NULL, 'Concept 3', 54, 52, 57, '2026-06-24'),
  (10, '2026-07-01', NULL, 'Concept 4', 57, 55, 60, '2026-07-01'),
  (10, '2026-07-08', NULL, 'Concept 5', 58, 56, 61, '2026-07-08'),
  (10, '2026-07-15', NULL, 'Concept 6', 61, 59, 64, '2026-07-08'),
  (11, '2026-06-10', NULL, 'Concept 1', 68, 66, 71, '2026-06-10'),
  (11, '2026-06-17', NULL, 'Concept 2', 71, 69, 74, '2026-06-17'),
  (11, '2026-06-24', NULL, 'Concept 3', 72, 70, 75, '2026-06-24'),
  (11, '2026-07-01', NULL, 'Concept 4', 75, 73, 78, '2026-07-01'),
  (11, '2026-07-08', NULL, 'Concept 5', 76, 74, 79, '2026-07-08'),
  (11, '2026-07-15', NULL, 'Concept 6', 79, 77, 82, '2026-07-13'),
  (12, '2026-06-10', NULL, 'Concept 1', 43, 41, 46, '2026-06-10'),
  (12, '2026-06-17', NULL, 'Concept 2', 46, 44, 49, '2026-06-17'),
  (12, '2026-06-24', NULL, 'Concept 3', 47, 45, 50, '2026-06-24'),
  (12, '2026-07-01', NULL, 'Concept 4', 50, 48, 53, '2026-07-01'),
  (12, '2026-07-08', NULL, 'Concept 5', 51, 49, 54, '2026-07-08'),
  (12, '2026-07-15', NULL, 'Concept 6', 54, 52, 57, '2026-07-05'),
  (200, '2026-06-10', NULL, 'Concept 1', 53, 51, 56, '2026-06-10'),
  (200, '2026-06-17', NULL, 'Concept 2', 56, 54, 59, '2026-06-17'),
  (200, '2026-06-24', NULL, 'Concept 3', 57, 55, 60, '2026-06-24'),
  (200, '2026-07-01', NULL, 'Concept 4', 60, 58, 63, '2026-07-01'),
  (200, '2026-07-08', NULL, 'Concept 5', 61, 59, 64, '2026-07-08'),
  (200, '2026-07-15', NULL, 'Concept 6', 64, 62, 67, '2026-07-12'),
  (201, '2026-06-10', NULL, 'Concept 1', 83, 81, 86, '2026-06-10'),
  (201, '2026-06-17', NULL, 'Concept 2', 86, 84, 89, '2026-06-17'),
  (201, '2026-06-24', NULL, 'Concept 3', 87, 85, 90, '2026-06-24'),
  (201, '2026-07-01', NULL, 'Concept 4', 90, 88, 93, '2026-07-01'),
  (201, '2026-07-08', NULL, 'Concept 5', 91, 89, 94, '2026-07-08'),
  (201, '2026-07-15', NULL, 'Concept 6', 94, 92, 97, '2026-07-08'),
  (202, '2026-06-10', NULL, 'Concept 1', 77, 75, 80, '2026-06-10'),
  (202, '2026-06-17', NULL, 'Concept 2', 80, 78, 83, '2026-06-17'),
  (202, '2026-06-24', NULL, 'Concept 3', 81, 79, 84, '2026-06-24'),
  (202, '2026-07-01', NULL, 'Concept 4', 84, 82, 87, '2026-07-01'),
  (202, '2026-07-08', NULL, 'Concept 5', 85, 83, 88, '2026-07-08'),
  (202, '2026-07-15', NULL, 'Concept 6', 88, 86, 91, '2026-07-09'),
  (203, '2026-06-10', NULL, 'Concept 1', 40, 38, 43, '2026-06-10'),
  (203, '2026-06-17', NULL, 'Concept 2', 43, 41, 46, '2026-06-17'),
  (203, '2026-06-24', NULL, 'Concept 3', 44, 42, 47, '2026-06-24'),
  (203, '2026-07-01', NULL, 'Concept 4', 47, 45, 50, '2026-07-01'),
  (203, '2026-07-08', NULL, 'Concept 5', 48, 46, 51, '2026-07-08'),
  (203, '2026-07-15', NULL, 'Concept 6', 51, 49, 54, '2026-07-06'),
  (204, '2026-06-10', NULL, 'Concept 1', 77, 75, 80, '2026-06-10'),
  (204, '2026-06-17', NULL, 'Concept 2', 80, 78, 83, '2026-06-17'),
  (204, '2026-06-24', NULL, 'Concept 3', 81, 79, 84, '2026-06-24'),
  (204, '2026-07-01', NULL, 'Concept 4', 84, 82, 87, '2026-07-01'),
  (204, '2026-07-08', NULL, 'Concept 5', 85, 83, 88, '2026-07-08'),
  (204, '2026-07-15', NULL, 'Concept 6', 88, 86, 91, '2026-07-04'),
  (205, '2026-06-10', NULL, 'Concept 1', 85, 83, 88, '2026-06-10'),
  (205, '2026-06-17', NULL, 'Concept 2', 88, 86, 91, '2026-06-17'),
  (205, '2026-06-24', NULL, 'Concept 3', 89, 87, 92, '2026-06-24'),
  (205, '2026-07-01', NULL, 'Concept 4', 92, 90, 95, '2026-07-01'),
  (205, '2026-07-08', NULL, 'Concept 5', 93, 91, 96, '2026-07-08'),
  (205, '2026-07-15', NULL, 'Concept 6', 96, 94, 99, '2026-07-05'),
  (206, '2026-06-10', NULL, 'Concept 1', 80, 78, 83, '2026-06-10'),
  (206, '2026-06-17', NULL, 'Concept 2', 83, 81, 86, '2026-06-17'),
  (206, '2026-06-24', NULL, 'Concept 3', 84, 82, 87, '2026-06-24'),
  (206, '2026-07-01', NULL, 'Concept 4', 87, 85, 90, '2026-07-01'),
  (206, '2026-07-08', NULL, 'Concept 5', 88, 86, 91, '2026-07-08'),
  (206, '2026-07-15', NULL, 'Concept 6', 91, 89, 94, '2026-07-09'),
  (207, '2026-06-10', NULL, 'Concept 1', 49, 47, 52, '2026-06-10'),
  (207, '2026-06-17', NULL, 'Concept 2', 52, 50, 55, '2026-06-17'),
  (207, '2026-06-24', NULL, 'Concept 3', 53, 51, 56, '2026-06-24'),
  (207, '2026-07-01', NULL, 'Concept 4', 56, 54, 59, '2026-07-01'),
  (207, '2026-07-08', NULL, 'Concept 5', 57, 55, 60, '2026-07-08'),
  (207, '2026-07-15', NULL, 'Concept 6', 60, 58, 63, '2026-07-08'),
  (208, '2026-06-10', NULL, 'Concept 1', 84, 82, 87, '2026-06-10'),
  (208, '2026-06-17', NULL, 'Concept 2', 87, 85, 90, '2026-06-17'),
  (208, '2026-06-24', NULL, 'Concept 3', 88, 86, 91, '2026-06-24'),
  (208, '2026-07-01', NULL, 'Concept 4', 91, 89, 94, '2026-07-01'),
  (208, '2026-07-08', NULL, 'Concept 5', 92, 90, 95, '2026-07-08'),
  (208, '2026-07-15', NULL, 'Concept 6', 95, 93, 98, '2026-07-08'),
  (209, '2026-06-10', NULL, 'Concept 1', 76, 74, 79, '2026-06-10'),
  (209, '2026-06-17', NULL, 'Concept 2', 79, 77, 82, '2026-06-17'),
  (209, '2026-06-24', NULL, 'Concept 3', 80, 78, 83, '2026-06-24'),
  (209, '2026-07-01', NULL, 'Concept 4', 83, 81, 86, '2026-07-01'),
  (209, '2026-07-08', NULL, 'Concept 5', 84, 82, 87, '2026-07-08'),
  (209, '2026-07-15', NULL, 'Concept 6', 87, 85, 90, '2026-07-05'),
  (300, '2026-06-10', NULL, 'Concept 1', 35, 33, 38, '2026-06-10'),
  (300, '2026-06-17', NULL, 'Concept 2', 38, 36, 41, '2026-06-17'),
  (300, '2026-06-24', NULL, 'Concept 3', 39, 37, 42, '2026-06-24'),
  (300, '2026-07-01', NULL, 'Concept 4', 42, 40, 45, '2026-07-01'),
  (300, '2026-07-08', NULL, 'Concept 5', 43, 41, 46, '2026-07-08'),
  (300, '2026-07-15', NULL, 'Concept 6', 46, 44, 49, '2026-07-15'),
  (301, '2026-06-10', NULL, 'Concept 1', 43, 41, 46, '2026-06-10'),
  (301, '2026-06-17', NULL, 'Concept 2', 46, 44, 49, '2026-06-17'),
  (301, '2026-06-24', NULL, 'Concept 3', 47, 45, 50, '2026-06-24'),
  (301, '2026-07-01', NULL, 'Concept 4', 50, 48, 53, '2026-07-01'),
  (301, '2026-07-08', NULL, 'Concept 5', 51, 49, 54, '2026-07-08'),
  (301, '2026-07-15', NULL, 'Concept 6', 54, 52, 57, '2026-07-14'),
  (302, '2026-06-10', NULL, 'Concept 1', 39, 37, 42, '2026-06-10'),
  (302, '2026-06-17', NULL, 'Concept 2', 42, 40, 45, '2026-06-17'),
  (302, '2026-06-24', NULL, 'Concept 3', 43, 41, 46, '2026-06-24'),
  (302, '2026-07-01', NULL, 'Concept 4', 46, 44, 49, '2026-07-01'),
  (302, '2026-07-08', NULL, 'Concept 5', 47, 45, 50, '2026-07-08'),
  (302, '2026-07-15', NULL, 'Concept 6', 50, 48, 53, '2026-07-07'),
  (303, '2026-06-10', NULL, 'Concept 1', 58, 56, 61, '2026-06-10'),
  (303, '2026-06-17', NULL, 'Concept 2', 61, 59, 64, '2026-06-17'),
  (303, '2026-06-24', NULL, 'Concept 3', 62, 60, 65, '2026-06-24'),
  (303, '2026-07-01', NULL, 'Concept 4', 65, 63, 68, '2026-07-01'),
  (303, '2026-07-08', NULL, 'Concept 5', 66, 64, 69, '2026-07-08'),
  (303, '2026-07-15', NULL, 'Concept 6', 69, 67, 72, '2026-07-07'),
  (304, '2026-06-10', NULL, 'Concept 1', 68, 66, 71, '2026-06-10'),
  (304, '2026-06-17', NULL, 'Concept 2', 71, 69, 74, '2026-06-17'),
  (304, '2026-06-24', NULL, 'Concept 3', 72, 70, 75, '2026-06-24'),
  (304, '2026-07-01', NULL, 'Concept 4', 75, 73, 78, '2026-07-01'),
  (304, '2026-07-08', NULL, 'Concept 5', 76, 74, 79, '2026-07-08'),
  (304, '2026-07-15', NULL, 'Concept 6', 79, 77, 82, '2026-07-12'),
  (305, '2026-06-10', NULL, 'Concept 1', 59, 57, 62, '2026-06-10'),
  (305, '2026-06-17', NULL, 'Concept 2', 62, 60, 65, '2026-06-17'),
  (305, '2026-06-24', NULL, 'Concept 3', 63, 61, 66, '2026-06-24'),
  (305, '2026-07-01', NULL, 'Concept 4', 66, 64, 69, '2026-07-01'),
  (305, '2026-07-08', NULL, 'Concept 5', 67, 65, 70, '2026-07-08'),
  (305, '2026-07-15', NULL, 'Concept 6', 70, 68, 73, '2026-07-02'),
  (306, '2026-06-10', NULL, 'Concept 1', 41, 39, 44, '2026-06-10'),
  (306, '2026-06-17', NULL, 'Concept 2', 44, 42, 47, '2026-06-17'),
  (306, '2026-06-24', NULL, 'Concept 3', 45, 43, 48, '2026-06-24'),
  (306, '2026-07-01', NULL, 'Concept 4', 48, 46, 51, '2026-07-01'),
  (306, '2026-07-08', NULL, 'Concept 5', 49, 47, 52, '2026-07-08'),
  (306, '2026-07-15', NULL, 'Concept 6', 52, 50, 55, '2026-07-09'),
  (307, '2026-06-10', NULL, 'Concept 1', 69, 67, 72, '2026-06-10'),
  (307, '2026-06-17', NULL, 'Concept 2', 72, 70, 75, '2026-06-17'),
  (307, '2026-06-24', NULL, 'Concept 3', 73, 71, 76, '2026-06-24'),
  (307, '2026-07-01', NULL, 'Concept 4', 76, 74, 79, '2026-07-01'),
  (307, '2026-07-08', NULL, 'Concept 5', 77, 75, 80, '2026-07-08'),
  (307, '2026-07-15', NULL, 'Concept 6', 80, 78, 83, '2026-07-04'),
  (308, '2026-06-10', NULL, 'Concept 1', 44, 42, 47, '2026-06-10'),
  (308, '2026-06-17', NULL, 'Concept 2', 47, 45, 50, '2026-06-17'),
  (308, '2026-06-24', NULL, 'Concept 3', 48, 46, 51, '2026-06-24'),
  (308, '2026-07-01', NULL, 'Concept 4', 51, 49, 54, '2026-07-01'),
  (308, '2026-07-08', NULL, 'Concept 5', 52, 50, 55, '2026-07-08'),
  (308, '2026-07-15', NULL, 'Concept 6', 55, 53, 58, '2026-07-10'),
  (400, '2026-06-10', NULL, 'Concept 1', 76, 74, 79, '2026-06-10'),
  (400, '2026-06-17', NULL, 'Concept 2', 79, 77, 82, '2026-06-17'),
  (400, '2026-06-24', NULL, 'Concept 3', 80, 78, 83, '2026-06-24'),
  (400, '2026-07-01', NULL, 'Concept 4', 83, 81, 86, '2026-07-01'),
  (400, '2026-07-08', NULL, 'Concept 5', 84, 82, 87, '2026-07-08'),
  (400, '2026-07-15', NULL, 'Concept 6', 87, 85, 90, '2026-07-12'),
  (401, '2026-06-10', NULL, 'Concept 1', 67, 65, 70, '2026-06-10'),
  (401, '2026-06-17', NULL, 'Concept 2', 70, 68, 73, '2026-06-17'),
  (401, '2026-06-24', NULL, 'Concept 3', 71, 69, 74, '2026-06-24'),
  (401, '2026-07-01', NULL, 'Concept 4', 74, 72, 77, '2026-07-01'),
  (401, '2026-07-08', NULL, 'Concept 5', 75, 73, 78, '2026-07-08'),
  (401, '2026-07-15', NULL, 'Concept 6', 78, 76, 81, '2026-07-07'),
  (402, '2026-06-10', NULL, 'Concept 1', 85, 83, 88, '2026-06-10'),
  (402, '2026-06-17', NULL, 'Concept 2', 88, 86, 91, '2026-06-17'),
  (402, '2026-06-24', NULL, 'Concept 3', 89, 87, 92, '2026-06-24'),
  (402, '2026-07-01', NULL, 'Concept 4', 92, 90, 95, '2026-07-01'),
  (402, '2026-07-08', NULL, 'Concept 5', 93, 91, 96, '2026-07-08'),
  (402, '2026-07-15', NULL, 'Concept 6', 96, 94, 99, '2026-07-02'),
  (403, '2026-06-10', NULL, 'Concept 1', 80, 78, 83, '2026-06-10'),
  (403, '2026-06-17', NULL, 'Concept 2', 83, 81, 86, '2026-06-17'),
  (403, '2026-06-24', NULL, 'Concept 3', 84, 82, 87, '2026-06-24'),
  (403, '2026-07-01', NULL, 'Concept 4', 87, 85, 90, '2026-07-01'),
  (403, '2026-07-08', NULL, 'Concept 5', 88, 86, 91, '2026-07-08'),
  (403, '2026-07-15', NULL, 'Concept 6', 91, 89, 94, '2026-07-07'),
  (404, '2026-06-10', NULL, 'Concept 1', 52, 50, 55, '2026-06-10'),
  (404, '2026-06-17', NULL, 'Concept 2', 55, 53, 58, '2026-06-17'),
  (404, '2026-06-24', NULL, 'Concept 3', 56, 54, 59, '2026-06-24'),
  (404, '2026-07-01', NULL, 'Concept 4', 59, 57, 62, '2026-07-01'),
  (404, '2026-07-08', NULL, 'Concept 5', 60, 58, 63, '2026-07-08'),
  (404, '2026-07-15', NULL, 'Concept 6', 63, 61, 66, '2026-07-06'),
  (405, '2026-06-10', NULL, 'Concept 1', 79, 77, 82, '2026-06-10'),
  (405, '2026-06-17', NULL, 'Concept 2', 82, 80, 85, '2026-06-17'),
  (405, '2026-06-24', NULL, 'Concept 3', 83, 81, 86, '2026-06-24'),
  (405, '2026-07-01', NULL, 'Concept 4', 86, 84, 89, '2026-07-01'),
  (405, '2026-07-08', NULL, 'Concept 5', 87, 85, 90, '2026-07-08'),
  (405, '2026-07-15', NULL, 'Concept 6', 90, 88, 93, '2026-07-10'),
  (406, '2026-06-10', NULL, 'Concept 1', 59, 57, 62, '2026-06-10'),
  (406, '2026-06-17', NULL, 'Concept 2', 62, 60, 65, '2026-06-17'),
  (406, '2026-06-24', NULL, 'Concept 3', 63, 61, 66, '2026-06-24'),
  (406, '2026-07-01', NULL, 'Concept 4', 66, 64, 69, '2026-07-01'),
  (406, '2026-07-08', NULL, 'Concept 5', 67, 65, 70, '2026-07-08'),
  (406, '2026-07-15', NULL, 'Concept 6', 70, 68, 73, '2026-07-13'),
  (407, '2026-06-10', NULL, 'Concept 1', 37, 35, 40, '2026-06-10'),
  (407, '2026-06-17', NULL, 'Concept 2', 40, 38, 43, '2026-06-17'),
  (407, '2026-06-24', NULL, 'Concept 3', 41, 39, 44, '2026-06-24'),
  (407, '2026-07-01', NULL, 'Concept 4', 44, 42, 47, '2026-07-01'),
  (407, '2026-07-08', NULL, 'Concept 5', 45, 43, 48, '2026-07-08'),
  (407, '2026-07-15', NULL, 'Concept 6', 48, 46, 51, '2026-07-08'),
  (408, '2026-06-10', NULL, 'Concept 1', 59, 57, 62, '2026-06-10'),
  (408, '2026-06-17', NULL, 'Concept 2', 62, 60, 65, '2026-06-17'),
  (408, '2026-06-24', NULL, 'Concept 3', 63, 61, 66, '2026-06-24'),
  (408, '2026-07-01', NULL, 'Concept 4', 66, 64, 69, '2026-07-01'),
  (408, '2026-07-08', NULL, 'Concept 5', 67, 65, 70, '2026-07-08'),
  (408, '2026-07-15', NULL, 'Concept 6', 70, 68, 73, '2026-07-14'),
  (409, '2026-06-10', NULL, 'Concept 1', 69, 67, 72, '2026-06-10'),
  (409, '2026-06-17', NULL, 'Concept 2', 72, 70, 75, '2026-06-17'),
  (409, '2026-06-24', NULL, 'Concept 3', 73, 71, 76, '2026-06-24'),
  (409, '2026-07-01', NULL, 'Concept 4', 76, 74, 79, '2026-07-01'),
  (409, '2026-07-08', NULL, 'Concept 5', 77, 75, 80, '2026-07-08'),
  (409, '2026-07-15', NULL, 'Concept 6', 80, 78, 83, '2026-07-08'),
  (410, '2026-06-10', NULL, 'Concept 1', 75, 73, 78, '2026-06-10'),
  (410, '2026-06-17', NULL, 'Concept 2', 78, 76, 81, '2026-06-17'),
  (410, '2026-06-24', NULL, 'Concept 3', 79, 77, 82, '2026-06-24'),
  (410, '2026-07-01', NULL, 'Concept 4', 82, 80, 85, '2026-07-01'),
  (410, '2026-07-08', NULL, 'Concept 5', 83, 81, 86, '2026-07-08'),
  (410, '2026-07-15', NULL, 'Concept 6', 86, 84, 89, '2026-07-02');

-- ===== 040_seed_teacher_marks.sql =====
-- 7th Grade Academy — seed data: teacher_marks
-- Auto-generated to mirror frontend/src/lib/mockData.ts. Safe to re-run after a
-- truncate. Run AFTER schema.sql (schools + students must exist first).

INSERT INTO teacher_marks (student_id, teacher_id, subject, assessment_name, date, score, notes) VALUES
  (1, NULL, 'English Language Arts', 'Unit 2 Quiz', '2026-06-25', 74, NULL),
  (1, NULL, 'English Language Arts', 'Term Test', '2026-07-09', 81, NULL),
  (1, NULL, 'Mathematics', 'Unit 2 Quiz', '2026-06-25', 80, NULL),
  (1, NULL, 'Mathematics', 'Term Test', '2026-07-09', 87, NULL),
  (1, NULL, 'General Science', 'Unit 2 Quiz', '2026-06-25', 74, NULL),
  (1, NULL, 'General Science', 'Term Test', '2026-07-09', 81, NULL),
  (1, NULL, 'Social Studies', 'Unit 2 Quiz', '2026-06-25', 74, NULL),
  (1, NULL, 'Social Studies', 'Term Test', '2026-07-09', 81, NULL),
  (2, NULL, 'English Language Arts', 'Unit 2 Quiz', '2026-06-25', 56, NULL),
  (2, NULL, 'English Language Arts', 'Term Test', '2026-07-09', 63, NULL),
  (2, NULL, 'Mathematics', 'Unit 2 Quiz', '2026-06-25', 64, NULL),
  (2, NULL, 'Mathematics', 'Term Test', '2026-07-09', 71, NULL),
  (2, NULL, 'General Science', 'Unit 2 Quiz', '2026-06-25', 56, NULL),
  (2, NULL, 'General Science', 'Term Test', '2026-07-09', 63, NULL),
  (2, NULL, 'Social Studies', 'Unit 2 Quiz', '2026-06-25', 56, NULL),
  (2, NULL, 'Social Studies', 'Term Test', '2026-07-09', 63, NULL),
  (3, NULL, 'English Language Arts', 'Unit 2 Quiz', '2026-06-25', 43, NULL),
  (3, NULL, 'English Language Arts', 'Term Test', '2026-07-09', 50, NULL),
  (3, NULL, 'Mathematics', 'Unit 2 Quiz', '2026-06-25', 47, NULL),
  (3, NULL, 'Mathematics', 'Term Test', '2026-07-09', 54, NULL),
  (3, NULL, 'General Science', 'Unit 2 Quiz', '2026-06-25', 43, NULL),
  (3, NULL, 'General Science', 'Term Test', '2026-07-09', 50, NULL),
  (3, NULL, 'Social Studies', 'Unit 2 Quiz', '2026-06-25', 43, NULL),
  (3, NULL, 'Social Studies', 'Term Test', '2026-07-09', 50, NULL),
  (4, NULL, 'English Language Arts', 'Unit 2 Quiz', '2026-06-25', 70, NULL),
  (4, NULL, 'English Language Arts', 'Term Test', '2026-07-09', 77, NULL),
  (4, NULL, 'Mathematics', 'Unit 2 Quiz', '2026-06-25', 75, NULL),
  (4, NULL, 'Mathematics', 'Term Test', '2026-07-09', 82, NULL),
  (4, NULL, 'General Science', 'Unit 2 Quiz', '2026-06-25', 70, NULL),
  (4, NULL, 'General Science', 'Term Test', '2026-07-09', 77, NULL),
  (4, NULL, 'Social Studies', 'Unit 2 Quiz', '2026-06-25', 70, NULL),
  (4, NULL, 'Social Studies', 'Term Test', '2026-07-09', 77, NULL),
  (5, NULL, 'English Language Arts', 'Unit 2 Quiz', '2026-06-25', 59, NULL),
  (5, NULL, 'English Language Arts', 'Term Test', '2026-07-09', 66, NULL),
  (5, NULL, 'Mathematics', 'Unit 2 Quiz', '2026-06-25', 60, NULL),
  (5, NULL, 'Mathematics', 'Term Test', '2026-07-09', 67, NULL),
  (5, NULL, 'General Science', 'Unit 2 Quiz', '2026-06-25', 59, NULL),
  (5, NULL, 'General Science', 'Term Test', '2026-07-09', 66, NULL),
  (5, NULL, 'Social Studies', 'Unit 2 Quiz', '2026-06-25', 59, NULL),
  (5, NULL, 'Social Studies', 'Term Test', '2026-07-09', 66, NULL),
  (6, NULL, 'English Language Arts', 'Unit 2 Quiz', '2026-06-25', 41, NULL),
  (6, NULL, 'English Language Arts', 'Term Test', '2026-07-09', 48, NULL),
  (6, NULL, 'Mathematics', 'Unit 2 Quiz', '2026-06-25', 45, NULL),
  (6, NULL, 'Mathematics', 'Term Test', '2026-07-09', 52, NULL),
  (6, NULL, 'General Science', 'Unit 2 Quiz', '2026-06-25', 41, NULL),
  (6, NULL, 'General Science', 'Term Test', '2026-07-09', 48, NULL),
  (6, NULL, 'Social Studies', 'Unit 2 Quiz', '2026-06-25', 41, NULL),
  (6, NULL, 'Social Studies', 'Term Test', '2026-07-09', 48, NULL),
  (7, NULL, 'English Language Arts', 'Unit 2 Quiz', '2026-06-25', 82, NULL),
  (7, NULL, 'English Language Arts', 'Term Test', '2026-07-09', 89, NULL),
  (7, NULL, 'Mathematics', 'Unit 2 Quiz', '2026-06-25', 86, NULL),
  (7, NULL, 'Mathematics', 'Term Test', '2026-07-09', 93, NULL),
  (7, NULL, 'General Science', 'Unit 2 Quiz', '2026-06-25', 82, NULL),
  (7, NULL, 'General Science', 'Term Test', '2026-07-09', 89, NULL),
  (7, NULL, 'Social Studies', 'Unit 2 Quiz', '2026-06-25', 82, NULL),
  (7, NULL, 'Social Studies', 'Term Test', '2026-07-09', 89, NULL),
  (8, NULL, 'English Language Arts', 'Unit 2 Quiz', '2026-06-25', 60, NULL),
  (8, NULL, 'English Language Arts', 'Term Test', '2026-07-09', 67, NULL),
  (8, NULL, 'Mathematics', 'Unit 2 Quiz', '2026-06-25', 63, NULL),
  (8, NULL, 'Mathematics', 'Term Test', '2026-07-09', 70, NULL),
  (8, NULL, 'General Science', 'Unit 2 Quiz', '2026-06-25', 60, NULL),
  (8, NULL, 'General Science', 'Term Test', '2026-07-09', 67, NULL),
  (8, NULL, 'Social Studies', 'Unit 2 Quiz', '2026-06-25', 60, NULL),
  (8, NULL, 'Social Studies', 'Term Test', '2026-07-09', 67, NULL),
  (9, NULL, 'English Language Arts', 'Unit 2 Quiz', '2026-06-25', 69, NULL),
  (9, NULL, 'English Language Arts', 'Term Test', '2026-07-09', 76, NULL),
  (9, NULL, 'Mathematics', 'Unit 2 Quiz', '2026-06-25', 76, NULL),
  (9, NULL, 'Mathematics', 'Term Test', '2026-07-09', 83, NULL),
  (9, NULL, 'General Science', 'Unit 2 Quiz', '2026-06-25', 69, NULL),
  (9, NULL, 'General Science', 'Term Test', '2026-07-09', 76, NULL),
  (9, NULL, 'Social Studies', 'Unit 2 Quiz', '2026-06-25', 69, NULL),
  (9, NULL, 'Social Studies', 'Term Test', '2026-07-09', 76, NULL),
  (10, NULL, 'English Language Arts', 'Unit 2 Quiz', '2026-06-25', 46, NULL),
  (10, NULL, 'English Language Arts', 'Term Test', '2026-07-09', 53, NULL),
  (10, NULL, 'Mathematics', 'Unit 2 Quiz', '2026-06-25', 52, NULL),
  (10, NULL, 'Mathematics', 'Term Test', '2026-07-09', 59, NULL),
  (10, NULL, 'General Science', 'Unit 2 Quiz', '2026-06-25', 46, NULL),
  (10, NULL, 'General Science', 'Term Test', '2026-07-09', 53, NULL),
  (10, NULL, 'Social Studies', 'Unit 2 Quiz', '2026-06-25', 46, NULL),
  (10, NULL, 'Social Studies', 'Term Test', '2026-07-09', 53, NULL),
  (11, NULL, 'English Language Arts', 'Unit 2 Quiz', '2026-06-25', 67, NULL),
  (11, NULL, 'English Language Arts', 'Term Test', '2026-07-09', 74, NULL),
  (11, NULL, 'Mathematics', 'Unit 2 Quiz', '2026-06-25', 71, NULL),
  (11, NULL, 'Mathematics', 'Term Test', '2026-07-09', 78, NULL),
  (11, NULL, 'General Science', 'Unit 2 Quiz', '2026-06-25', 67, NULL),
  (11, NULL, 'General Science', 'Term Test', '2026-07-09', 74, NULL),
  (11, NULL, 'Social Studies', 'Unit 2 Quiz', '2026-06-25', 67, NULL),
  (11, NULL, 'Social Studies', 'Term Test', '2026-07-09', 74, NULL),
  (12, NULL, 'English Language Arts', 'Unit 2 Quiz', '2026-06-25', 45, NULL),
  (12, NULL, 'English Language Arts', 'Term Test', '2026-07-09', 52, NULL),
  (12, NULL, 'Mathematics', 'Unit 2 Quiz', '2026-06-25', 49, NULL),
  (12, NULL, 'Mathematics', 'Term Test', '2026-07-09', 56, NULL),
  (12, NULL, 'General Science', 'Unit 2 Quiz', '2026-06-25', 45, NULL),
  (12, NULL, 'General Science', 'Term Test', '2026-07-09', 52, NULL),
  (12, NULL, 'Social Studies', 'Unit 2 Quiz', '2026-06-25', 45, NULL),
  (12, NULL, 'Social Studies', 'Term Test', '2026-07-09', 52, NULL),
  (200, NULL, 'English Language Arts', 'Unit 2 Quiz', '2026-06-25', 65, NULL),
  (200, NULL, 'English Language Arts', 'Term Test', '2026-07-09', 72, NULL),
  (200, NULL, 'Mathematics', 'Unit 2 Quiz', '2026-06-25', 54, NULL),
  (200, NULL, 'Mathematics', 'Term Test', '2026-07-09', 61, NULL),
  (200, NULL, 'General Science', 'Unit 2 Quiz', '2026-06-25', 65, NULL),
  (200, NULL, 'General Science', 'Term Test', '2026-07-09', 72, NULL),
  (200, NULL, 'Social Studies', 'Unit 2 Quiz', '2026-06-25', 65, NULL),
  (200, NULL, 'Social Studies', 'Term Test', '2026-07-09', 72, NULL),
  (201, NULL, 'English Language Arts', 'Unit 2 Quiz', '2026-06-25', 60, NULL),
  (201, NULL, 'English Language Arts', 'Term Test', '2026-07-09', 67, NULL),
  (201, NULL, 'Mathematics', 'Unit 2 Quiz', '2026-06-25', 84, NULL),
  (201, NULL, 'Mathematics', 'Term Test', '2026-07-09', 91, NULL),
  (201, NULL, 'General Science', 'Unit 2 Quiz', '2026-06-25', 60, NULL),
  (201, NULL, 'General Science', 'Term Test', '2026-07-09', 67, NULL),
  (201, NULL, 'Social Studies', 'Unit 2 Quiz', '2026-06-25', 60, NULL),
  (201, NULL, 'Social Studies', 'Term Test', '2026-07-09', 67, NULL),
  (202, NULL, 'English Language Arts', 'Unit 2 Quiz', '2026-06-25', 44, NULL),
  (202, NULL, 'English Language Arts', 'Term Test', '2026-07-09', 51, NULL),
  (202, NULL, 'Mathematics', 'Unit 2 Quiz', '2026-06-25', 81, NULL),
  (202, NULL, 'Mathematics', 'Term Test', '2026-07-09', 88, NULL),
  (202, NULL, 'General Science', 'Unit 2 Quiz', '2026-06-25', 44, NULL),
  (202, NULL, 'General Science', 'Term Test', '2026-07-09', 51, NULL),
  (202, NULL, 'Social Studies', 'Unit 2 Quiz', '2026-06-25', 44, NULL),
  (202, NULL, 'Social Studies', 'Term Test', '2026-07-09', 51, NULL),
  (203, NULL, 'English Language Arts', 'Unit 2 Quiz', '2026-06-25', 57, NULL),
  (203, NULL, 'English Language Arts', 'Term Test', '2026-07-09', 64, NULL),
  (203, NULL, 'Mathematics', 'Unit 2 Quiz', '2026-06-25', 43, NULL),
  (203, NULL, 'Mathematics', 'Term Test', '2026-07-09', 50, NULL),
  (203, NULL, 'General Science', 'Unit 2 Quiz', '2026-06-25', 57, NULL),
  (203, NULL, 'General Science', 'Term Test', '2026-07-09', 64, NULL),
  (203, NULL, 'Social Studies', 'Unit 2 Quiz', '2026-06-25', 57, NULL),
  (203, NULL, 'Social Studies', 'Term Test', '2026-07-09', 64, NULL),
  (204, NULL, 'English Language Arts', 'Unit 2 Quiz', '2026-06-25', 62, NULL),
  (204, NULL, 'English Language Arts', 'Term Test', '2026-07-09', 69, NULL),
  (204, NULL, 'Mathematics', 'Unit 2 Quiz', '2026-06-25', 80, NULL),
  (204, NULL, 'Mathematics', 'Term Test', '2026-07-09', 87, NULL),
  (204, NULL, 'General Science', 'Unit 2 Quiz', '2026-06-25', 62, NULL),
  (204, NULL, 'General Science', 'Term Test', '2026-07-09', 69, NULL),
  (204, NULL, 'Social Studies', 'Unit 2 Quiz', '2026-06-25', 62, NULL),
  (204, NULL, 'Social Studies', 'Term Test', '2026-07-09', 69, NULL),
  (205, NULL, 'English Language Arts', 'Unit 2 Quiz', '2026-06-25', 63, NULL),
  (205, NULL, 'English Language Arts', 'Term Test', '2026-07-09', 70, NULL),
  (205, NULL, 'Mathematics', 'Unit 2 Quiz', '2026-06-25', 90, NULL),
  (205, NULL, 'Mathematics', 'Term Test', '2026-07-09', 97, NULL),
  (205, NULL, 'General Science', 'Unit 2 Quiz', '2026-06-25', 63, NULL),
  (205, NULL, 'General Science', 'Term Test', '2026-07-09', 70, NULL),
  (205, NULL, 'Social Studies', 'Unit 2 Quiz', '2026-06-25', 63, NULL),
  (205, NULL, 'Social Studies', 'Term Test', '2026-07-09', 70, NULL),
  (206, NULL, 'English Language Arts', 'Unit 2 Quiz', '2026-06-25', 68, NULL),
  (206, NULL, 'English Language Arts', 'Term Test', '2026-07-09', 75, NULL),
  (206, NULL, 'Mathematics', 'Unit 2 Quiz', '2026-06-25', 82, NULL),
  (206, NULL, 'Mathematics', 'Term Test', '2026-07-09', 89, NULL),
  (206, NULL, 'General Science', 'Unit 2 Quiz', '2026-06-25', 68, NULL),
  (206, NULL, 'General Science', 'Term Test', '2026-07-09', 75, NULL),
  (206, NULL, 'Social Studies', 'Unit 2 Quiz', '2026-06-25', 68, NULL),
  (206, NULL, 'Social Studies', 'Term Test', '2026-07-09', 75, NULL),
  (207, NULL, 'English Language Arts', 'Unit 2 Quiz', '2026-06-25', 77, NULL),
  (207, NULL, 'English Language Arts', 'Term Test', '2026-07-09', 84, NULL),
  (207, NULL, 'Mathematics', 'Unit 2 Quiz', '2026-06-25', 49, NULL),
  (207, NULL, 'Mathematics', 'Term Test', '2026-07-09', 56, NULL),
  (207, NULL, 'General Science', 'Unit 2 Quiz', '2026-06-25', 77, NULL),
  (207, NULL, 'General Science', 'Term Test', '2026-07-09', 84, NULL),
  (207, NULL, 'Social Studies', 'Unit 2 Quiz', '2026-06-25', 77, NULL),
  (207, NULL, 'Social Studies', 'Term Test', '2026-07-09', 84, NULL),
  (208, NULL, 'English Language Arts', 'Unit 2 Quiz', '2026-06-25', 77, NULL),
  (208, NULL, 'English Language Arts', 'Term Test', '2026-07-09', 84, NULL),
  (208, NULL, 'Mathematics', 'Unit 2 Quiz', '2026-06-25', 93, NULL),
  (208, NULL, 'Mathematics', 'Term Test', '2026-07-09', 100, NULL),
  (208, NULL, 'General Science', 'Unit 2 Quiz', '2026-06-25', 77, NULL),
  (208, NULL, 'General Science', 'Term Test', '2026-07-09', 84, NULL),
  (208, NULL, 'Social Studies', 'Unit 2 Quiz', '2026-06-25', 77, NULL),
  (208, NULL, 'Social Studies', 'Term Test', '2026-07-09', 84, NULL),
  (209, NULL, 'English Language Arts', 'Unit 2 Quiz', '2026-06-25', 60, NULL),
  (209, NULL, 'English Language Arts', 'Term Test', '2026-07-09', 67, NULL),
  (209, NULL, 'Mathematics', 'Unit 2 Quiz', '2026-06-25', 76, NULL),
  (209, NULL, 'Mathematics', 'Term Test', '2026-07-09', 83, NULL),
  (209, NULL, 'General Science', 'Unit 2 Quiz', '2026-06-25', 60, NULL),
  (209, NULL, 'General Science', 'Term Test', '2026-07-09', 67, NULL),
  (209, NULL, 'Social Studies', 'Unit 2 Quiz', '2026-06-25', 60, NULL),
  (209, NULL, 'Social Studies', 'Term Test', '2026-07-09', 67, NULL),
  (300, NULL, 'English Language Arts', 'Unit 2 Quiz', '2026-06-25', 75, NULL),
  (300, NULL, 'English Language Arts', 'Term Test', '2026-07-09', 82, NULL),
  (300, NULL, 'Mathematics', 'Unit 2 Quiz', '2026-06-25', 35, NULL),
  (300, NULL, 'Mathematics', 'Term Test', '2026-07-09', 42, NULL),
  (300, NULL, 'General Science', 'Unit 2 Quiz', '2026-06-25', 75, NULL),
  (300, NULL, 'General Science', 'Term Test', '2026-07-09', 82, NULL),
  (300, NULL, 'Social Studies', 'Unit 2 Quiz', '2026-06-25', 75, NULL),
  (300, NULL, 'Social Studies', 'Term Test', '2026-07-09', 82, NULL),
  (301, NULL, 'English Language Arts', 'Unit 2 Quiz', '2026-06-25', 71, NULL),
  (301, NULL, 'English Language Arts', 'Term Test', '2026-07-09', 78, NULL),
  (301, NULL, 'Mathematics', 'Unit 2 Quiz', '2026-06-25', 47, NULL),
  (301, NULL, 'Mathematics', 'Term Test', '2026-07-09', 54, NULL),
  (301, NULL, 'General Science', 'Unit 2 Quiz', '2026-06-25', 71, NULL),
  (301, NULL, 'General Science', 'Term Test', '2026-07-09', 78, NULL),
  (301, NULL, 'Social Studies', 'Unit 2 Quiz', '2026-06-25', 71, NULL),
  (301, NULL, 'Social Studies', 'Term Test', '2026-07-09', 78, NULL),
  (302, NULL, 'English Language Arts', 'Unit 2 Quiz', '2026-06-25', 61, NULL),
  (302, NULL, 'English Language Arts', 'Term Test', '2026-07-09', 68, NULL),
  (302, NULL, 'Mathematics', 'Unit 2 Quiz', '2026-06-25', 48, NULL),
  (302, NULL, 'Mathematics', 'Term Test', '2026-07-09', 55, NULL),
  (302, NULL, 'General Science', 'Unit 2 Quiz', '2026-06-25', 61, NULL),
  (302, NULL, 'General Science', 'Term Test', '2026-07-09', 68, NULL),
  (302, NULL, 'Social Studies', 'Unit 2 Quiz', '2026-06-25', 61, NULL),
  (302, NULL, 'Social Studies', 'Term Test', '2026-07-09', 68, NULL),
  (303, NULL, 'English Language Arts', 'Unit 2 Quiz', '2026-06-25', 62, NULL),
  (303, NULL, 'English Language Arts', 'Term Test', '2026-07-09', 69, NULL),
  (303, NULL, 'Mathematics', 'Unit 2 Quiz', '2026-06-25', 65, NULL),
  (303, NULL, 'Mathematics', 'Term Test', '2026-07-09', 72, NULL),
  (303, NULL, 'General Science', 'Unit 2 Quiz', '2026-06-25', 62, NULL),
  (303, NULL, 'General Science', 'Term Test', '2026-07-09', 69, NULL),
  (303, NULL, 'Social Studies', 'Unit 2 Quiz', '2026-06-25', 62, NULL),
  (303, NULL, 'Social Studies', 'Term Test', '2026-07-09', 69, NULL),
  (304, NULL, 'English Language Arts', 'Unit 2 Quiz', '2026-06-25', 50, NULL),
  (304, NULL, 'English Language Arts', 'Term Test', '2026-07-09', 57, NULL),
  (304, NULL, 'Mathematics', 'Unit 2 Quiz', '2026-06-25', 71, NULL),
  (304, NULL, 'Mathematics', 'Term Test', '2026-07-09', 78, NULL),
  (304, NULL, 'General Science', 'Unit 2 Quiz', '2026-06-25', 50, NULL),
  (304, NULL, 'General Science', 'Term Test', '2026-07-09', 57, NULL),
  (304, NULL, 'Social Studies', 'Unit 2 Quiz', '2026-06-25', 50, NULL),
  (304, NULL, 'Social Studies', 'Term Test', '2026-07-09', 57, NULL),
  (305, NULL, 'English Language Arts', 'Unit 2 Quiz', '2026-06-25', 68, NULL),
  (305, NULL, 'English Language Arts', 'Term Test', '2026-07-09', 75, NULL),
  (305, NULL, 'Mathematics', 'Unit 2 Quiz', '2026-06-25', 64, NULL),
  (305, NULL, 'Mathematics', 'Term Test', '2026-07-09', 71, NULL),
  (305, NULL, 'General Science', 'Unit 2 Quiz', '2026-06-25', 68, NULL),
  (305, NULL, 'General Science', 'Term Test', '2026-07-09', 75, NULL),
  (305, NULL, 'Social Studies', 'Unit 2 Quiz', '2026-06-25', 68, NULL),
  (305, NULL, 'Social Studies', 'Term Test', '2026-07-09', 75, NULL),
  (306, NULL, 'English Language Arts', 'Unit 2 Quiz', '2026-06-25', 70, NULL),
  (306, NULL, 'English Language Arts', 'Term Test', '2026-07-09', 77, NULL),
  (306, NULL, 'Mathematics', 'Unit 2 Quiz', '2026-06-25', 48, NULL),
  (306, NULL, 'Mathematics', 'Term Test', '2026-07-09', 55, NULL),
  (306, NULL, 'General Science', 'Unit 2 Quiz', '2026-06-25', 70, NULL),
  (306, NULL, 'General Science', 'Term Test', '2026-07-09', 77, NULL),
  (306, NULL, 'Social Studies', 'Unit 2 Quiz', '2026-06-25', 70, NULL),
  (306, NULL, 'Social Studies', 'Term Test', '2026-07-09', 77, NULL),
  (307, NULL, 'English Language Arts', 'Unit 2 Quiz', '2026-06-25', 50, NULL),
  (307, NULL, 'English Language Arts', 'Term Test', '2026-07-09', 57, NULL),
  (307, NULL, 'Mathematics', 'Unit 2 Quiz', '2026-06-25', 71, NULL),
  (307, NULL, 'Mathematics', 'Term Test', '2026-07-09', 78, NULL),
  (307, NULL, 'General Science', 'Unit 2 Quiz', '2026-06-25', 50, NULL),
  (307, NULL, 'General Science', 'Term Test', '2026-07-09', 57, NULL),
  (307, NULL, 'Social Studies', 'Unit 2 Quiz', '2026-06-25', 50, NULL),
  (307, NULL, 'Social Studies', 'Term Test', '2026-07-09', 57, NULL),
  (308, NULL, 'English Language Arts', 'Unit 2 Quiz', '2026-06-25', 55, NULL),
  (308, NULL, 'English Language Arts', 'Term Test', '2026-07-09', 62, NULL),
  (308, NULL, 'Mathematics', 'Unit 2 Quiz', '2026-06-25', 52, NULL),
  (308, NULL, 'Mathematics', 'Term Test', '2026-07-09', 59, NULL),
  (308, NULL, 'General Science', 'Unit 2 Quiz', '2026-06-25', 55, NULL),
  (308, NULL, 'General Science', 'Term Test', '2026-07-09', 62, NULL),
  (308, NULL, 'Social Studies', 'Unit 2 Quiz', '2026-06-25', 55, NULL),
  (308, NULL, 'Social Studies', 'Term Test', '2026-07-09', 62, NULL),
  (400, NULL, 'English Language Arts', 'Unit 2 Quiz', '2026-06-25', 73, NULL),
  (400, NULL, 'English Language Arts', 'Term Test', '2026-07-09', 80, NULL),
  (400, NULL, 'Mathematics', 'Unit 2 Quiz', '2026-06-25', 78, NULL),
  (400, NULL, 'Mathematics', 'Term Test', '2026-07-09', 85, NULL),
  (400, NULL, 'General Science', 'Unit 2 Quiz', '2026-06-25', 73, NULL),
  (400, NULL, 'General Science', 'Term Test', '2026-07-09', 80, NULL),
  (400, NULL, 'Social Studies', 'Unit 2 Quiz', '2026-06-25', 73, NULL),
  (400, NULL, 'Social Studies', 'Term Test', '2026-07-09', 80, NULL),
  (401, NULL, 'English Language Arts', 'Unit 2 Quiz', '2026-06-25', 54, NULL),
  (401, NULL, 'English Language Arts', 'Term Test', '2026-07-09', 61, NULL),
  (401, NULL, 'Mathematics', 'Unit 2 Quiz', '2026-06-25', 75, NULL),
  (401, NULL, 'Mathematics', 'Term Test', '2026-07-09', 82, NULL),
  (401, NULL, 'General Science', 'Unit 2 Quiz', '2026-06-25', 54, NULL),
  (401, NULL, 'General Science', 'Term Test', '2026-07-09', 61, NULL),
  (401, NULL, 'Social Studies', 'Unit 2 Quiz', '2026-06-25', 54, NULL),
  (401, NULL, 'Social Studies', 'Term Test', '2026-07-09', 61, NULL),
  (402, NULL, 'English Language Arts', 'Unit 2 Quiz', '2026-06-25', 55, NULL),
  (402, NULL, 'English Language Arts', 'Term Test', '2026-07-09', 62, NULL),
  (402, NULL, 'Mathematics', 'Unit 2 Quiz', '2026-06-25', 92, NULL),
  (402, NULL, 'Mathematics', 'Term Test', '2026-07-09', 99, NULL),
  (402, NULL, 'General Science', 'Unit 2 Quiz', '2026-06-25', 55, NULL),
  (402, NULL, 'General Science', 'Term Test', '2026-07-09', 62, NULL),
  (402, NULL, 'Social Studies', 'Unit 2 Quiz', '2026-06-25', 55, NULL),
  (402, NULL, 'Social Studies', 'Term Test', '2026-07-09', 62, NULL),
  (403, NULL, 'English Language Arts', 'Unit 2 Quiz', '2026-06-25', 43, NULL),
  (403, NULL, 'English Language Arts', 'Term Test', '2026-07-09', 50, NULL),
  (403, NULL, 'Mathematics', 'Unit 2 Quiz', '2026-06-25', 80, NULL),
  (403, NULL, 'Mathematics', 'Term Test', '2026-07-09', 87, NULL),
  (403, NULL, 'General Science', 'Unit 2 Quiz', '2026-06-25', 43, NULL),
  (403, NULL, 'General Science', 'Term Test', '2026-07-09', 50, NULL),
  (403, NULL, 'Social Studies', 'Unit 2 Quiz', '2026-06-25', 43, NULL),
  (403, NULL, 'Social Studies', 'Term Test', '2026-07-09', 50, NULL),
  (404, NULL, 'English Language Arts', 'Unit 2 Quiz', '2026-06-25', 80, NULL),
  (404, NULL, 'English Language Arts', 'Term Test', '2026-07-09', 87, NULL),
  (404, NULL, 'Mathematics', 'Unit 2 Quiz', '2026-06-25', 56, NULL),
  (404, NULL, 'Mathematics', 'Term Test', '2026-07-09', 63, NULL),
  (404, NULL, 'General Science', 'Unit 2 Quiz', '2026-06-25', 80, NULL),
  (404, NULL, 'General Science', 'Term Test', '2026-07-09', 87, NULL),
  (404, NULL, 'Social Studies', 'Unit 2 Quiz', '2026-06-25', 80, NULL),
  (404, NULL, 'Social Studies', 'Term Test', '2026-07-09', 87, NULL),
  (405, NULL, 'English Language Arts', 'Unit 2 Quiz', '2026-06-25', 42, NULL),
  (405, NULL, 'English Language Arts', 'Term Test', '2026-07-09', 49, NULL),
  (405, NULL, 'Mathematics', 'Unit 2 Quiz', '2026-06-25', 86, NULL),
  (405, NULL, 'Mathematics', 'Term Test', '2026-07-09', 93, NULL),
  (405, NULL, 'General Science', 'Unit 2 Quiz', '2026-06-25', 42, NULL),
  (405, NULL, 'General Science', 'Term Test', '2026-07-09', 49, NULL),
  (405, NULL, 'Social Studies', 'Unit 2 Quiz', '2026-06-25', 42, NULL),
  (405, NULL, 'Social Studies', 'Term Test', '2026-07-09', 49, NULL),
  (406, NULL, 'English Language Arts', 'Unit 2 Quiz', '2026-06-25', 55, NULL),
  (406, NULL, 'English Language Arts', 'Term Test', '2026-07-09', 62, NULL),
  (406, NULL, 'Mathematics', 'Unit 2 Quiz', '2026-06-25', 68, NULL),
  (406, NULL, 'Mathematics', 'Term Test', '2026-07-09', 75, NULL),
  (406, NULL, 'General Science', 'Unit 2 Quiz', '2026-06-25', 55, NULL),
  (406, NULL, 'General Science', 'Term Test', '2026-07-09', 62, NULL),
  (406, NULL, 'Social Studies', 'Unit 2 Quiz', '2026-06-25', 55, NULL),
  (406, NULL, 'Social Studies', 'Term Test', '2026-07-09', 62, NULL),
  (407, NULL, 'English Language Arts', 'Unit 2 Quiz', '2026-06-25', 75, NULL),
  (407, NULL, 'English Language Arts', 'Term Test', '2026-07-09', 82, NULL),
  (407, NULL, 'Mathematics', 'Unit 2 Quiz', '2026-06-25', 43, NULL),
  (407, NULL, 'Mathematics', 'Term Test', '2026-07-09', 50, NULL),
  (407, NULL, 'General Science', 'Unit 2 Quiz', '2026-06-25', 75, NULL),
  (407, NULL, 'General Science', 'Term Test', '2026-07-09', 82, NULL),
  (407, NULL, 'Social Studies', 'Unit 2 Quiz', '2026-06-25', 75, NULL),
  (407, NULL, 'Social Studies', 'Term Test', '2026-07-09', 82, NULL),
  (408, NULL, 'English Language Arts', 'Unit 2 Quiz', '2026-06-25', 53, NULL),
  (408, NULL, 'English Language Arts', 'Term Test', '2026-07-09', 60, NULL),
  (408, NULL, 'Mathematics', 'Unit 2 Quiz', '2026-06-25', 67, NULL),
  (408, NULL, 'Mathematics', 'Term Test', '2026-07-09', 74, NULL),
  (408, NULL, 'General Science', 'Unit 2 Quiz', '2026-06-25', 53, NULL),
  (408, NULL, 'General Science', 'Term Test', '2026-07-09', 60, NULL),
  (408, NULL, 'Social Studies', 'Unit 2 Quiz', '2026-06-25', 53, NULL),
  (408, NULL, 'Social Studies', 'Term Test', '2026-07-09', 60, NULL),
  (409, NULL, 'English Language Arts', 'Unit 2 Quiz', '2026-06-25', 54, NULL),
  (409, NULL, 'English Language Arts', 'Term Test', '2026-07-09', 61, NULL),
  (409, NULL, 'Mathematics', 'Unit 2 Quiz', '2026-06-25', 76, NULL),
  (409, NULL, 'Mathematics', 'Term Test', '2026-07-09', 83, NULL),
  (409, NULL, 'General Science', 'Unit 2 Quiz', '2026-06-25', 54, NULL),
  (409, NULL, 'General Science', 'Term Test', '2026-07-09', 61, NULL),
  (409, NULL, 'Social Studies', 'Unit 2 Quiz', '2026-06-25', 54, NULL),
  (409, NULL, 'Social Studies', 'Term Test', '2026-07-09', 61, NULL),
  (410, NULL, 'English Language Arts', 'Unit 2 Quiz', '2026-06-25', 67, NULL),
  (410, NULL, 'English Language Arts', 'Term Test', '2026-07-09', 74, NULL),
  (410, NULL, 'Mathematics', 'Unit 2 Quiz', '2026-06-25', 82, NULL),
  (410, NULL, 'Mathematics', 'Term Test', '2026-07-09', 89, NULL),
  (410, NULL, 'General Science', 'Unit 2 Quiz', '2026-06-25', 67, NULL),
  (410, NULL, 'General Science', 'Term Test', '2026-07-09', 74, NULL),
  (410, NULL, 'Social Studies', 'Unit 2 Quiz', '2026-06-25', 67, NULL),
  (410, NULL, 'Social Studies', 'Term Test', '2026-07-09', 74, NULL);

-- ===== 050_seed_attendance_log.sql =====
-- 7th Grade Academy — seed data: attendance_log
-- Auto-generated to mirror frontend/src/lib/mockData.ts. Safe to re-run after a
-- truncate. Run AFTER schema.sql (schools + students must exist first).

INSERT INTO attendance_log (student_id, teacher_id, session_date, status, engagement_rating, notes) VALUES
  (1, NULL, '2026-07-15', 'present', 2, NULL),
  (1, NULL, '2026-07-13', 'present', 3, NULL),
  (1, NULL, '2026-07-11', 'present', 3, NULL),
  (1, NULL, '2026-07-09', 'present', 2, NULL),
  (1, NULL, '2026-07-07', 'present', 3, NULL),
  (1, NULL, '2026-07-05', 'present', 3, NULL),
  (1, NULL, '2026-07-03', 'present', 2, NULL),
  (1, NULL, '2026-07-01', 'present', 3, NULL),
  (2, NULL, '2026-07-15', 'present', 2, NULL),
  (2, NULL, '2026-07-13', 'present', 3, NULL),
  (2, NULL, '2026-07-11', 'present', 3, NULL),
  (2, NULL, '2026-07-09', 'present', 2, NULL),
  (2, NULL, '2026-07-07', 'present', 3, NULL),
  (2, NULL, '2026-07-05', 'present', 3, NULL),
  (2, NULL, '2026-07-03', 'present', 2, NULL),
  (2, NULL, '2026-07-01', 'absent', NULL, NULL),
  (3, NULL, '2026-07-15', 'present', 2, NULL),
  (3, NULL, '2026-07-13', 'present', 3, NULL),
  (3, NULL, '2026-07-11', 'present', 3, NULL),
  (3, NULL, '2026-07-09', 'present', 2, NULL),
  (3, NULL, '2026-07-07', 'present', 3, NULL),
  (3, NULL, '2026-07-05', 'present', 3, NULL),
  (3, NULL, '2026-07-03', 'late', NULL, NULL),
  (3, NULL, '2026-07-01', 'absent', NULL, NULL),
  (4, NULL, '2026-07-15', 'present', 2, NULL),
  (4, NULL, '2026-07-13', 'present', 3, NULL),
  (4, NULL, '2026-07-11', 'present', 3, NULL),
  (4, NULL, '2026-07-09', 'present', 2, NULL),
  (4, NULL, '2026-07-07', 'present', 3, NULL),
  (4, NULL, '2026-07-05', 'present', 3, NULL),
  (4, NULL, '2026-07-03', 'present', 2, NULL),
  (4, NULL, '2026-07-01', 'absent', NULL, NULL),
  (5, NULL, '2026-07-15', 'present', 2, NULL),
  (5, NULL, '2026-07-13', 'present', 3, NULL),
  (5, NULL, '2026-07-11', 'present', 3, NULL),
  (5, NULL, '2026-07-09', 'present', 2, NULL),
  (5, NULL, '2026-07-07', 'present', 3, NULL),
  (5, NULL, '2026-07-05', 'present', 3, NULL),
  (5, NULL, '2026-07-03', 'present', 2, NULL),
  (5, NULL, '2026-07-01', 'absent', NULL, NULL),
  (6, NULL, '2026-07-15', 'present', 2, NULL),
  (6, NULL, '2026-07-13', 'present', 3, NULL),
  (6, NULL, '2026-07-11', 'present', 3, NULL),
  (6, NULL, '2026-07-09', 'present', 2, NULL),
  (6, NULL, '2026-07-07', 'present', 3, NULL),
  (6, NULL, '2026-07-05', 'absent', NULL, NULL),
  (6, NULL, '2026-07-03', 'late', NULL, NULL),
  (6, NULL, '2026-07-01', 'absent', NULL, NULL),
  (7, NULL, '2026-07-15', 'present', 2, NULL),
  (7, NULL, '2026-07-13', 'present', 3, NULL),
  (7, NULL, '2026-07-11', 'present', 3, NULL),
  (7, NULL, '2026-07-09', 'present', 2, NULL),
  (7, NULL, '2026-07-07', 'present', 3, NULL),
  (7, NULL, '2026-07-05', 'present', 3, NULL),
  (7, NULL, '2026-07-03', 'present', 2, NULL),
  (7, NULL, '2026-07-01', 'present', 3, NULL),
  (8, NULL, '2026-07-15', 'present', 2, NULL),
  (8, NULL, '2026-07-13', 'present', 3, NULL),
  (8, NULL, '2026-07-11', 'present', 3, NULL),
  (8, NULL, '2026-07-09', 'present', 2, NULL),
  (8, NULL, '2026-07-07', 'present', 3, NULL),
  (8, NULL, '2026-07-05', 'present', 3, NULL),
  (8, NULL, '2026-07-03', 'present', 2, NULL),
  (8, NULL, '2026-07-01', 'absent', NULL, NULL),
  (9, NULL, '2026-07-15', 'present', 2, NULL),
  (9, NULL, '2026-07-13', 'present', 3, NULL),
  (9, NULL, '2026-07-11', 'present', 3, NULL),
  (9, NULL, '2026-07-09', 'present', 2, NULL),
  (9, NULL, '2026-07-07', 'present', 3, NULL),
  (9, NULL, '2026-07-05', 'present', 3, NULL),
  (9, NULL, '2026-07-03', 'present', 2, NULL),
  (9, NULL, '2026-07-01', 'absent', NULL, NULL),
  (10, NULL, '2026-07-15', 'present', 2, NULL),
  (10, NULL, '2026-07-13', 'present', 3, NULL),
  (10, NULL, '2026-07-11', 'present', 3, NULL),
  (10, NULL, '2026-07-09', 'present', 2, NULL),
  (10, NULL, '2026-07-07', 'present', 3, NULL),
  (10, NULL, '2026-07-05', 'present', 3, NULL),
  (10, NULL, '2026-07-03', 'late', NULL, NULL),
  (10, NULL, '2026-07-01', 'absent', NULL, NULL),
  (11, NULL, '2026-07-15', 'present', 2, NULL),
  (11, NULL, '2026-07-13', 'present', 3, NULL),
  (11, NULL, '2026-07-11', 'present', 3, NULL),
  (11, NULL, '2026-07-09', 'present', 2, NULL),
  (11, NULL, '2026-07-07', 'present', 3, NULL),
  (11, NULL, '2026-07-05', 'present', 3, NULL),
  (11, NULL, '2026-07-03', 'present', 2, NULL),
  (11, NULL, '2026-07-01', 'absent', NULL, NULL),
  (12, NULL, '2026-07-15', 'present', 2, NULL),
  (12, NULL, '2026-07-13', 'present', 3, NULL),
  (12, NULL, '2026-07-11', 'present', 3, NULL),
  (12, NULL, '2026-07-09', 'present', 2, NULL),
  (12, NULL, '2026-07-07', 'present', 3, NULL),
  (12, NULL, '2026-07-05', 'present', 3, NULL),
  (12, NULL, '2026-07-03', 'late', NULL, NULL),
  (12, NULL, '2026-07-01', 'absent', NULL, NULL),
  (200, NULL, '2026-07-15', 'present', 2, NULL),
  (200, NULL, '2026-07-13', 'present', 3, NULL),
  (200, NULL, '2026-07-11', 'present', 3, NULL),
  (200, NULL, '2026-07-09', 'present', 2, NULL),
  (200, NULL, '2026-07-07', 'present', 3, NULL),
  (200, NULL, '2026-07-05', 'present', 3, NULL),
  (200, NULL, '2026-07-03', 'present', 2, NULL),
  (200, NULL, '2026-07-01', 'absent', NULL, NULL),
  (201, NULL, '2026-07-15', 'present', 2, NULL),
  (201, NULL, '2026-07-13', 'present', 3, NULL),
  (201, NULL, '2026-07-11', 'present', 3, NULL),
  (201, NULL, '2026-07-09', 'present', 2, NULL),
  (201, NULL, '2026-07-07', 'present', 3, NULL),
  (201, NULL, '2026-07-05', 'present', 3, NULL),
  (201, NULL, '2026-07-03', 'present', 2, NULL),
  (201, NULL, '2026-07-01', 'present', 3, NULL),
  (202, NULL, '2026-07-15', 'present', 2, NULL),
  (202, NULL, '2026-07-13', 'present', 3, NULL),
  (202, NULL, '2026-07-11', 'present', 3, NULL),
  (202, NULL, '2026-07-09', 'present', 2, NULL),
  (202, NULL, '2026-07-07', 'present', 3, NULL),
  (202, NULL, '2026-07-05', 'present', 3, NULL),
  (202, NULL, '2026-07-03', 'present', 2, NULL),
  (202, NULL, '2026-07-01', 'absent', NULL, NULL),
  (203, NULL, '2026-07-15', 'present', 2, NULL),
  (203, NULL, '2026-07-13', 'present', 3, NULL),
  (203, NULL, '2026-07-11', 'present', 3, NULL),
  (203, NULL, '2026-07-09', 'present', 2, NULL),
  (203, NULL, '2026-07-07', 'present', 3, NULL),
  (203, NULL, '2026-07-05', 'present', 3, NULL),
  (203, NULL, '2026-07-03', 'present', 2, NULL),
  (203, NULL, '2026-07-01', 'absent', NULL, NULL),
  (204, NULL, '2026-07-15', 'present', 2, NULL),
  (204, NULL, '2026-07-13', 'present', 3, NULL),
  (204, NULL, '2026-07-11', 'present', 3, NULL),
  (204, NULL, '2026-07-09', 'present', 2, NULL),
  (204, NULL, '2026-07-07', 'present', 3, NULL),
  (204, NULL, '2026-07-05', 'present', 3, NULL),
  (204, NULL, '2026-07-03', 'late', NULL, NULL),
  (204, NULL, '2026-07-01', 'absent', NULL, NULL),
  (205, NULL, '2026-07-15', 'present', 2, NULL),
  (205, NULL, '2026-07-13', 'present', 3, NULL),
  (205, NULL, '2026-07-11', 'present', 3, NULL),
  (205, NULL, '2026-07-09', 'present', 2, NULL),
  (205, NULL, '2026-07-07', 'present', 3, NULL),
  (205, NULL, '2026-07-05', 'present', 3, NULL),
  (205, NULL, '2026-07-03', 'present', 2, NULL),
  (205, NULL, '2026-07-01', 'present', 3, NULL),
  (206, NULL, '2026-07-15', 'present', 2, NULL),
  (206, NULL, '2026-07-13', 'present', 3, NULL),
  (206, NULL, '2026-07-11', 'present', 3, NULL),
  (206, NULL, '2026-07-09', 'present', 2, NULL),
  (206, NULL, '2026-07-07', 'present', 3, NULL),
  (206, NULL, '2026-07-05', 'present', 3, NULL),
  (206, NULL, '2026-07-03', 'present', 2, NULL),
  (206, NULL, '2026-07-01', 'absent', NULL, NULL),
  (207, NULL, '2026-07-15', 'present', 2, NULL),
  (207, NULL, '2026-07-13', 'present', 3, NULL),
  (207, NULL, '2026-07-11', 'present', 3, NULL),
  (207, NULL, '2026-07-09', 'present', 2, NULL),
  (207, NULL, '2026-07-07', 'present', 3, NULL),
  (207, NULL, '2026-07-05', 'present', 3, NULL),
  (207, NULL, '2026-07-03', 'present', 2, NULL),
  (207, NULL, '2026-07-01', 'absent', NULL, NULL),
  (208, NULL, '2026-07-15', 'present', 2, NULL),
  (208, NULL, '2026-07-13', 'present', 3, NULL),
  (208, NULL, '2026-07-11', 'present', 3, NULL),
  (208, NULL, '2026-07-09', 'present', 2, NULL),
  (208, NULL, '2026-07-07', 'present', 3, NULL),
  (208, NULL, '2026-07-05', 'present', 3, NULL),
  (208, NULL, '2026-07-03', 'late', NULL, NULL),
  (208, NULL, '2026-07-01', 'absent', NULL, NULL),
  (209, NULL, '2026-07-15', 'present', 2, NULL),
  (209, NULL, '2026-07-13', 'present', 3, NULL),
  (209, NULL, '2026-07-11', 'present', 3, NULL),
  (209, NULL, '2026-07-09', 'present', 2, NULL),
  (209, NULL, '2026-07-07', 'present', 3, NULL),
  (209, NULL, '2026-07-05', 'present', 3, NULL),
  (209, NULL, '2026-07-03', 'present', 2, NULL),
  (209, NULL, '2026-07-01', 'present', 3, NULL),
  (300, NULL, '2026-07-15', 'present', 2, NULL),
  (300, NULL, '2026-07-13', 'present', 3, NULL),
  (300, NULL, '2026-07-11', 'present', 3, NULL),
  (300, NULL, '2026-07-09', 'present', 2, NULL),
  (300, NULL, '2026-07-07', 'present', 3, NULL),
  (300, NULL, '2026-07-05', 'present', 3, NULL),
  (300, NULL, '2026-07-03', 'present', 2, NULL),
  (300, NULL, '2026-07-01', 'absent', NULL, NULL),
  (301, NULL, '2026-07-15', 'present', 2, NULL),
  (301, NULL, '2026-07-13', 'present', 3, NULL),
  (301, NULL, '2026-07-11', 'present', 3, NULL),
  (301, NULL, '2026-07-09', 'present', 2, NULL),
  (301, NULL, '2026-07-07', 'present', 3, NULL),
  (301, NULL, '2026-07-05', 'present', 3, NULL),
  (301, NULL, '2026-07-03', 'present', 2, NULL),
  (301, NULL, '2026-07-01', 'present', 3, NULL),
  (302, NULL, '2026-07-15', 'present', 2, NULL),
  (302, NULL, '2026-07-13', 'present', 3, NULL),
  (302, NULL, '2026-07-11', 'present', 3, NULL),
  (302, NULL, '2026-07-09', 'present', 2, NULL),
  (302, NULL, '2026-07-07', 'present', 3, NULL),
  (302, NULL, '2026-07-05', 'present', 3, NULL),
  (302, NULL, '2026-07-03', 'present', 2, NULL),
  (302, NULL, '2026-07-01', 'absent', NULL, NULL),
  (303, NULL, '2026-07-15', 'present', 2, NULL),
  (303, NULL, '2026-07-13', 'present', 3, NULL),
  (303, NULL, '2026-07-11', 'present', 3, NULL),
  (303, NULL, '2026-07-09', 'present', 2, NULL),
  (303, NULL, '2026-07-07', 'present', 3, NULL),
  (303, NULL, '2026-07-05', 'present', 3, NULL),
  (303, NULL, '2026-07-03', 'present', 2, NULL),
  (303, NULL, '2026-07-01', 'present', 3, NULL),
  (304, NULL, '2026-07-15', 'present', 2, NULL),
  (304, NULL, '2026-07-13', 'present', 3, NULL),
  (304, NULL, '2026-07-11', 'present', 3, NULL),
  (304, NULL, '2026-07-09', 'present', 2, NULL),
  (304, NULL, '2026-07-07', 'present', 3, NULL),
  (304, NULL, '2026-07-05', 'absent', NULL, NULL),
  (304, NULL, '2026-07-03', 'late', NULL, NULL),
  (304, NULL, '2026-07-01', 'absent', NULL, NULL),
  (305, NULL, '2026-07-15', 'present', 2, NULL),
  (305, NULL, '2026-07-13', 'present', 3, NULL),
  (305, NULL, '2026-07-11', 'present', 3, NULL),
  (305, NULL, '2026-07-09', 'present', 2, NULL),
  (305, NULL, '2026-07-07', 'present', 3, NULL),
  (305, NULL, '2026-07-05', 'present', 3, NULL),
  (305, NULL, '2026-07-03', 'present', 2, NULL),
  (305, NULL, '2026-07-01', 'absent', NULL, NULL),
  (306, NULL, '2026-07-15', 'present', 2, NULL),
  (306, NULL, '2026-07-13', 'present', 3, NULL),
  (306, NULL, '2026-07-11', 'present', 3, NULL),
  (306, NULL, '2026-07-09', 'present', 2, NULL),
  (306, NULL, '2026-07-07', 'present', 3, NULL),
  (306, NULL, '2026-07-05', 'present', 3, NULL),
  (306, NULL, '2026-07-03', 'present', 2, NULL),
  (306, NULL, '2026-07-01', 'absent', NULL, NULL),
  (307, NULL, '2026-07-15', 'present', 2, NULL),
  (307, NULL, '2026-07-13', 'present', 3, NULL),
  (307, NULL, '2026-07-11', 'present', 3, NULL),
  (307, NULL, '2026-07-09', 'present', 2, NULL),
  (307, NULL, '2026-07-07', 'present', 3, NULL),
  (307, NULL, '2026-07-05', 'present', 3, NULL),
  (307, NULL, '2026-07-03', 'present', 2, NULL),
  (307, NULL, '2026-07-01', 'present', 3, NULL),
  (308, NULL, '2026-07-15', 'present', 2, NULL),
  (308, NULL, '2026-07-13', 'present', 3, NULL),
  (308, NULL, '2026-07-11', 'present', 3, NULL),
  (308, NULL, '2026-07-09', 'present', 2, NULL),
  (308, NULL, '2026-07-07', 'present', 3, NULL),
  (308, NULL, '2026-07-05', 'present', 3, NULL),
  (308, NULL, '2026-07-03', 'late', NULL, NULL),
  (308, NULL, '2026-07-01', 'absent', NULL, NULL),
  (400, NULL, '2026-07-15', 'present', 2, NULL),
  (400, NULL, '2026-07-13', 'present', 3, NULL),
  (400, NULL, '2026-07-11', 'present', 3, NULL),
  (400, NULL, '2026-07-09', 'present', 2, NULL),
  (400, NULL, '2026-07-07', 'present', 3, NULL),
  (400, NULL, '2026-07-05', 'present', 3, NULL),
  (400, NULL, '2026-07-03', 'late', NULL, NULL),
  (400, NULL, '2026-07-01', 'absent', NULL, NULL),
  (401, NULL, '2026-07-15', 'present', 2, NULL),
  (401, NULL, '2026-07-13', 'present', 3, NULL),
  (401, NULL, '2026-07-11', 'present', 3, NULL),
  (401, NULL, '2026-07-09', 'present', 2, NULL),
  (401, NULL, '2026-07-07', 'present', 3, NULL),
  (401, NULL, '2026-07-05', 'present', 3, NULL),
  (401, NULL, '2026-07-03', 'late', NULL, NULL),
  (401, NULL, '2026-07-01', 'absent', NULL, NULL),
  (402, NULL, '2026-07-15', 'present', 2, NULL),
  (402, NULL, '2026-07-13', 'present', 3, NULL),
  (402, NULL, '2026-07-11', 'present', 3, NULL),
  (402, NULL, '2026-07-09', 'present', 2, NULL),
  (402, NULL, '2026-07-07', 'present', 3, NULL),
  (402, NULL, '2026-07-05', 'present', 3, NULL),
  (402, NULL, '2026-07-03', 'late', NULL, NULL),
  (402, NULL, '2026-07-01', 'absent', NULL, NULL),
  (403, NULL, '2026-07-15', 'present', 2, NULL),
  (403, NULL, '2026-07-13', 'present', 3, NULL),
  (403, NULL, '2026-07-11', 'present', 3, NULL),
  (403, NULL, '2026-07-09', 'present', 2, NULL),
  (403, NULL, '2026-07-07', 'present', 3, NULL),
  (403, NULL, '2026-07-05', 'present', 3, NULL),
  (403, NULL, '2026-07-03', 'late', NULL, NULL),
  (403, NULL, '2026-07-01', 'absent', NULL, NULL),
  (404, NULL, '2026-07-15', 'present', 2, NULL),
  (404, NULL, '2026-07-13', 'present', 3, NULL),
  (404, NULL, '2026-07-11', 'present', 3, NULL),
  (404, NULL, '2026-07-09', 'present', 2, NULL),
  (404, NULL, '2026-07-07', 'present', 3, NULL),
  (404, NULL, '2026-07-05', 'present', 3, NULL),
  (404, NULL, '2026-07-03', 'present', 2, NULL),
  (404, NULL, '2026-07-01', 'absent', NULL, NULL),
  (405, NULL, '2026-07-15', 'present', 2, NULL),
  (405, NULL, '2026-07-13', 'present', 3, NULL),
  (405, NULL, '2026-07-11', 'present', 3, NULL),
  (405, NULL, '2026-07-09', 'present', 2, NULL),
  (405, NULL, '2026-07-07', 'present', 3, NULL),
  (405, NULL, '2026-07-05', 'present', 3, NULL),
  (405, NULL, '2026-07-03', 'late', NULL, NULL),
  (405, NULL, '2026-07-01', 'absent', NULL, NULL),
  (406, NULL, '2026-07-15', 'present', 2, NULL),
  (406, NULL, '2026-07-13', 'present', 3, NULL),
  (406, NULL, '2026-07-11', 'present', 3, NULL),
  (406, NULL, '2026-07-09', 'present', 2, NULL),
  (406, NULL, '2026-07-07', 'present', 3, NULL),
  (406, NULL, '2026-07-05', 'present', 3, NULL),
  (406, NULL, '2026-07-03', 'present', 2, NULL),
  (406, NULL, '2026-07-01', 'present', 3, NULL),
  (407, NULL, '2026-07-15', 'present', 2, NULL),
  (407, NULL, '2026-07-13', 'present', 3, NULL),
  (407, NULL, '2026-07-11', 'present', 3, NULL),
  (407, NULL, '2026-07-09', 'present', 2, NULL),
  (407, NULL, '2026-07-07', 'present', 3, NULL),
  (407, NULL, '2026-07-05', 'present', 3, NULL),
  (407, NULL, '2026-07-03', 'late', NULL, NULL),
  (407, NULL, '2026-07-01', 'absent', NULL, NULL),
  (408, NULL, '2026-07-15', 'present', 2, NULL),
  (408, NULL, '2026-07-13', 'present', 3, NULL),
  (408, NULL, '2026-07-11', 'present', 3, NULL),
  (408, NULL, '2026-07-09', 'present', 2, NULL),
  (408, NULL, '2026-07-07', 'present', 3, NULL),
  (408, NULL, '2026-07-05', 'present', 3, NULL),
  (408, NULL, '2026-07-03', 'late', NULL, NULL),
  (408, NULL, '2026-07-01', 'absent', NULL, NULL),
  (409, NULL, '2026-07-15', 'present', 2, NULL),
  (409, NULL, '2026-07-13', 'present', 3, NULL),
  (409, NULL, '2026-07-11', 'present', 3, NULL),
  (409, NULL, '2026-07-09', 'present', 2, NULL),
  (409, NULL, '2026-07-07', 'present', 3, NULL),
  (409, NULL, '2026-07-05', 'absent', NULL, NULL),
  (409, NULL, '2026-07-03', 'late', NULL, NULL),
  (409, NULL, '2026-07-01', 'absent', NULL, NULL),
  (410, NULL, '2026-07-15', 'present', 2, NULL),
  (410, NULL, '2026-07-13', 'present', 3, NULL),
  (410, NULL, '2026-07-11', 'present', 3, NULL),
  (410, NULL, '2026-07-09', 'present', 2, NULL),
  (410, NULL, '2026-07-07', 'present', 3, NULL),
  (410, NULL, '2026-07-05', 'present', 3, NULL),
  (410, NULL, '2026-07-03', 'present', 2, NULL),
  (410, NULL, '2026-07-01', 'absent', NULL, NULL);

-- ===== 060_seed_assessments.sql =====
-- 7th Grade Academy — seed data: assessments (RPI reading index)
-- Auto-generated to mirror frontend/src/lib/mockData.ts. Safe to re-run after a
-- truncate. Run AFTER schema.sql (schools + students must exist first).

INSERT INTO assessments (student_id, tool_name, pre_score, current_score, target_score, assessment_date) VALUES
  (1, 'RPI', 62, 78, 80, '2026-06-15'),
  (2, 'RPI', 48, 60, 72, '2026-06-15'),
  (3, 'RPI', 40, 47, 66, '2026-06-15'),
  (4, 'RPI', 58, 74, 78, '2026-06-15'),
  (5, 'RPI', 50, 63, 74, '2026-06-15'),
  (6, 'RPI', 38, 45, 64, '2026-06-15'),
  (7, 'RPI', 70, 86, 84, '2026-06-15'),
  (8, 'RPI', 52, 64, 73, '2026-06-15'),
  (9, 'RPI', 60, 73, 79, '2026-06-15'),
  (10, 'RPI', 42, 50, 67, '2026-06-15'),
  (11, 'RPI', 57, 71, 77, '2026-06-15'),
  (12, 'RPI', 46, 49, 70, '2026-06-15'),
  (200, 'RPI', 52, 69, 80, '2026-06-15'),
  (201, 'RPI', 48, 64, 76, '2026-06-15'),
  (202, 'RPI', 37, 48, 58, '2026-06-15'),
  (203, 'RPI', 49, 61, 70, '2026-06-15'),
  (204, 'RPI', 54, 66, 74, '2026-06-15'),
  (205, 'RPI', 53, 67, 81, '2026-06-15'),
  (206, 'RPI', 62, 72, 79, '2026-06-15'),
  (207, 'RPI', 66, 81, 95, '2026-06-15'),
  (208, 'RPI', 66, 81, 94, '2026-06-15'),
  (209, 'RPI', 46, 64, 71, '2026-06-15'),
  (300, 'RPI', 61, 79, 95, '2026-06-15'),
  (301, 'RPI', 62, 75, 87, '2026-06-15'),
  (302, 'RPI', 48, 65, 73, '2026-06-15'),
  (303, 'RPI', 49, 66, 82, '2026-06-15'),
  (304, 'RPI', 42, 54, 70, '2026-06-15'),
  (305, 'RPI', 60, 72, 86, '2026-06-15'),
  (306, 'RPI', 63, 74, 87, '2026-06-15'),
  (307, 'RPI', 39, 54, 66, '2026-06-15'),
  (308, 'RPI', 41, 59, 67, '2026-06-15'),
  (400, 'RPI', 64, 77, 85, '2026-06-15'),
  (401, 'RPI', 46, 58, 72, '2026-06-15'),
  (402, 'RPI', 45, 59, 67, '2026-06-15'),
  (403, 'RPI', 35, 47, 56, '2026-06-15'),
  (404, 'RPI', 70, 84, 93, '2026-06-15'),
  (405, 'RPI', 35, 46, 53, '2026-06-15'),
  (406, 'RPI', 48, 59, 67, '2026-06-15'),
  (407, 'RPI', 63, 79, 95, '2026-06-15'),
  (408, 'RPI', 45, 57, 71, '2026-06-15'),
  (409, 'RPI', 42, 58, 69, '2026-06-15'),
  (410, 'RPI', 58, 71, 83, '2026-06-15');

-- ===== 070_seed_alerts.sql =====
-- 7th Grade Academy — seed data: alerts
-- Auto-generated to mirror frontend/src/lib/mockData.ts. Safe to re-run after a
-- truncate. Run AFTER schema.sql (schools + students must exist first).

INSERT INTO alerts (student_id, alert_type, trigger_value, severity, status, created_at, resolved_at) VALUES
  (3, 'FFW inactivity', 'No Fast ForWord login in 8 days', 'amber', 'active', '2026-07-15', NULL),
  (3, 'Clear Math mastery drop', 'Concept mastery at 52% (below 60%)', 'amber', 'active', '2026-07-14', NULL),
  (6, 'FFW inactivity', 'No Fast ForWord login in 11 days', 'amber', 'active', '2026-07-15', NULL),
  (6, 'Clear Math mastery critical', 'Concept mastery at 47% (below 50%)', 'red', 'active', '2026-07-14', NULL),
  (6, 'Attendance threshold', 'Attendance rate 68% (below 70%)', 'amber', 'active', '2026-07-13', NULL),
  (10, 'FFW inactivity', 'No Fast ForWord login in 6 days', 'amber', 'active', '2026-07-15', NULL),
  (10, 'Clear Math mastery drop', 'Concept mastery at 58% (below 60%)', 'amber', 'active', '2026-07-14', NULL),
  (12, 'FFW inactivity', 'No Fast ForWord login in 9 days', 'amber', 'active', '2026-07-15', NULL),
  (12, 'Clear Math mastery drop', 'Concept mastery at 51% (below 60%)', 'amber', 'active', '2026-07-14', NULL),
  (201, 'FFW inactivity', 'No Fast ForWord login in 8 days', 'amber', 'active', '2026-07-15', NULL),
  (202, 'FFW inactivity', 'No Fast ForWord login in 7 days', 'amber', 'active', '2026-07-15', NULL),
  (203, 'FFW inactivity', 'No Fast ForWord login in 12 days', 'amber', 'active', '2026-07-15', NULL),
  (203, 'Clear Math mastery critical', 'Concept mastery at 48% (below 50%)', 'red', 'active', '2026-07-14', NULL),
  (204, 'FFW inactivity', 'No Fast ForWord login in 11 days', 'amber', 'active', '2026-07-15', NULL),
  (205, 'FFW inactivity', 'No Fast ForWord login in 7 days', 'amber', 'active', '2026-07-15', NULL),
  (206, 'FFW inactivity', 'No Fast ForWord login in 12 days', 'amber', 'active', '2026-07-15', NULL),
  (207, 'FFW inactivity', 'No Fast ForWord login in 11 days', 'amber', 'active', '2026-07-15', NULL),
  (207, 'Clear Math mastery drop', 'Concept mastery at 57% (below 60%)', 'amber', 'active', '2026-07-14', NULL),
  (300, 'FFW inactivity', 'No Fast ForWord login in 6 days', 'amber', 'active', '2026-07-15', NULL),
  (300, 'Clear Math mastery critical', 'Concept mastery at 43% (below 50%)', 'red', 'active', '2026-07-14', NULL),
  (301, 'FFW inactivity', 'No Fast ForWord login in 12 days', 'amber', 'active', '2026-07-15', NULL),
  (301, 'Clear Math mastery drop', 'Concept mastery at 51% (below 60%)', 'amber', 'active', '2026-07-14', NULL),
  (302, 'FFW inactivity', 'No Fast ForWord login in 8 days', 'amber', 'active', '2026-07-15', NULL),
  (302, 'Clear Math mastery critical', 'Concept mastery at 47% (below 50%)', 'red', 'active', '2026-07-14', NULL),
  (303, 'FFW inactivity', 'No Fast ForWord login in 9 days', 'amber', 'active', '2026-07-15', NULL),
  (304, 'FFW inactivity', 'No Fast ForWord login in 7 days', 'amber', 'active', '2026-07-15', NULL),
  (304, 'Attendance threshold', 'Attendance rate 66% (below 70%)', 'amber', 'active', '2026-07-13', NULL),
  (305, 'FFW inactivity', 'No Fast ForWord login in 8 days', 'amber', 'active', '2026-07-15', NULL),
  (306, 'FFW inactivity', 'No Fast ForWord login in 6 days', 'amber', 'active', '2026-07-15', NULL),
  (306, 'Clear Math mastery critical', 'Concept mastery at 49% (below 50%)', 'red', 'active', '2026-07-14', NULL),
  (307, 'FFW inactivity', 'No Fast ForWord login in 12 days', 'amber', 'active', '2026-07-15', NULL),
  (308, 'FFW inactivity', 'No Fast ForWord login in 11 days', 'amber', 'active', '2026-07-15', NULL),
  (308, 'Clear Math mastery drop', 'Concept mastery at 52% (below 60%)', 'amber', 'active', '2026-07-14', NULL),
  (400, 'FFW inactivity', 'No Fast ForWord login in 12 days', 'amber', 'active', '2026-07-15', NULL),
  (401, 'FFW inactivity', 'No Fast ForWord login in 8 days', 'amber', 'active', '2026-07-15', NULL),
  (402, 'FFW inactivity', 'No Fast ForWord login in 5 days', 'amber', 'active', '2026-07-15', NULL),
  (403, 'FFW inactivity', 'No Fast ForWord login in 6 days', 'amber', 'active', '2026-07-15', NULL),
  (405, 'FFW inactivity', 'No Fast ForWord login in 9 days', 'amber', 'active', '2026-07-15', NULL),
  (407, 'FFW inactivity', 'No Fast ForWord login in 7 days', 'amber', 'active', '2026-07-15', NULL),
  (407, 'Clear Math mastery critical', 'Concept mastery at 45% (below 50%)', 'red', 'active', '2026-07-14', NULL),
  (409, 'FFW inactivity', 'No Fast ForWord login in 12 days', 'amber', 'active', '2026-07-15', NULL),
  (409, 'Attendance threshold', 'Attendance rate 68% (below 70%)', 'amber', 'active', '2026-07-13', NULL);

COMMIT;
